/*==============================================================*/
/* Table : CLIENT							*/
/*==============================================================*/
INSERT INTO CLIENT (NUMCLIENT, NOM, PRENOM, RUE, CP, VILLE, TELFIXE, MAIL, DATENAISS, MOBILE) VALUES
(1, 'GILLOT', 'André', 'rue des martyrs', '74000', 'Annecy', '0450487932', 'andre.guillot@gmail.com', to_date('1954-06-12', 'YYYY-MM-DD'), '0615487932');
INSERT INTO CLIENT (NUMCLIENT, NOM, PRENOM, RUE, CP, VILLE, TELFIXE, MAIL, DATENAISS, MOBILE) VALUES
(2, 'MARTIN', 'Laurent', 'allee de la renaissance', '69003', 'Villeurbanne', '0450030478', 'lmartin@outlook.fr', to_date('1980-11-04', 'YYYY-MM-DD'), '0656030478');
INSERT INTO CLIENT (NUMCLIENT, NOM, PRENOM, RUE, CP, VILLE, TELFIXE, MAIL, DATENAISS, MOBILE) VALUES
(3, 'FACILE', 'Isabelle', 'montee de la ruche', '74940', 'Annecy le Vieux', '0450325641', 'facisa@yahoo.fr', to_date('1981-05-27', 'YYYY-MM-DD'), '0620325641');
INSERT INTO CLIENT (NUMCLIENT, NOM, PRENOM, RUE, CP, VILLE, TELFIXE, MAIL, DATENAISS, MOBILE) VALUES
(4, 'ALFONSO', 'Gérard', 'impasse des Lylas', '38000', 'Grenoble', '0450751511', 'gegea@gmail.com', to_date('1964-01-05', 'YYYY-MM-DD'), '0689751511');
INSERT INTO CLIENT (NUMCLIENT, NOM, PRENOM, RUE, CP, VILLE, TELFIXE, MAIL, DATENAISS, MOBILE) VALUES
(5, 'CARRE', 'Lucile', 'rue des cygnes', '74600', 'Seynod', '0450102389', 'lulukaribou@yahoo.fr', to_date('1983-10-10', 'YYYY-MM-DD'), '0689754517');
INSERT INTO CLIENT (NUMCLIENT, NOM, PRENOM, RUE, CP, VILLE, TELFIXE, MAIL, DATENAISS, MOBILE) VALUES
(6, 'MIFRIDE', 'Sophie', 'allee du stade', '73000', 'Chambery', '0450275361', 'smifride@gmail.com', to_date('1978-08-27', 'YYYY-MM-DD'),'0690753410');
INSERT INTO CLIENT (NUMCLIENT, NOM, PRENOM, RUE, CP, VILLE, TELFIXE, MAIL, DATENAISS, MOBILE) VALUES
(7, 'MARTIN', 'Stéphane', 'allee de la renaissance', '69003', 'Villeurbanne', '0450841020', 'smartin@noos.com', to_date('1977-03-10', 'YYYY-MM-DD'),'0622841000');
INSERT INTO CLIENT (NUMCLIENT, NOM, PRENOM, RUE, CP, VILLE, TELFIXE, MAIL, DATENAISS, MOBILE) VALUES
(8, 'MICHON', 'Antoine', 'impasse Grenette', '75003', 'Paris', '0450361877', 'seb_michaut@gmail.com', to_date('1979-07-14', 'YYYY-MM-DD'), '0625321475');
INSERT INTO CLIENT (NUMCLIENT, NOM, PRENOM, RUE, CP, VILLE, TELFIXE, MAIL, DATENAISS, MOBILE) VALUES
(9, 'JOSSE', 'Francis', 'montee des Airelles', '74940', 'Annecy le Vieux', '0450455550', 'utul@camptocamp.org', to_date('1980-02-14', 'YYYY-MM-DD'), '0610355350');
INSERT INTO CLIENT (NUMCLIENT, NOM, PRENOM, RUE, CP, VILLE, TELFIXE, MAIL, DATENAISS, MOBILE) VALUES
(10, 'FLICK', 'Marcel', 'boulevard de la Mandallaz', '74960', 'Cran Gevrier', '0450661245', 'm.flick@caramail.fr', to_date('1962-04-23', 'YYYY-MM-DD'), '0610355757');
INSERT INTO CLIENT (NUMCLIENT, NOM, PRENOM, RUE, CP, VILLE, TELFIXE, MAIL, DATENAISS, MOBILE) VALUES
(11, 'MERGUES', 'Clément', 'boulevard de Teigne', '74000', 'Annecy', '0450184569', 'clemerg@lapooste.net', to_date('1984-09-22', 'YYYY-MM-DD'), '0610503040');

ALTER TABLE client ALTER numclient SET DEFAULT nextval('SEQ_CLIENT');

INSERT INTO client (nom,prenom,rue,cp,ville,datenaiss,telfixe,mail,mobile)
VALUES
  ('Lemaire','Alexis','P.O. Box 233, 4996 Aenean Rd.','35656','Aurillac','1984-10-30','0248831761','lalexis8739@hotmail.fr','0687161947'),
  ('Prinsen','Plato','3039 Interdum. St.','41135','Rouen','1982-08-25','0517322873','platoprinsen@hotmail.fr','0655344465'),
  ('Aakster','Samuel','135-4963 Integer Rd.','42152','Colmar','1992-11-16','0184457706','samuelaakster@hotmail.fr','0781780727'),
  ('Beaulieu','Rigel','993-2712 Mi Street','24848','Vandoeuvre-lès-Nancy','1988-11-09','0294692137','r-beaulieu125@hotmail.fr','0673312435'),
  ('Royer','Kevin','756-6613 Fringilla Rd.','56454','Thionville','1988-03-04','0588870381','kevin_royer4533@google.fr','0763471120'),
  ('Tasse','Conan','575-3663 Duis Rd.','68732','Lanester','1982-02-05','0363541581','t_conan@google.fr','0753246167'),
  ('Plourde','Connor','Ap #329-4729 Etiam Av.','64763','Brive-la-Gaillarde','1990-10-10','0256438930','plourdeconnor7903@google.fr','0771617819'),
  ('Lane','Yuli','Ap #479-3971 Hendrerit Ave','13284','Joué-lès-Tours','1990-09-30','0518273372','yuli.lane6430@hotmail.fr','0682146300'),
  ('Cloutier','Basil','Ap #500-8277 Mauris, St.','27972','Bourges','1984-08-03','0581460719','cbasil7858@hotmail.fr','0748123276'),
  ('Poirier','Peter','843-8223 Nisl. St.','11821','Saint-Sébastien-sur-Loire','1989-01-17','0344558284','peter.poirier@hotmail.fr','0644986511');
INSERT INTO client (nom,prenom,rue,cp,ville,datenaiss,telfixe,mail,mobile)
VALUES
  ('Heeren','Urielle','P.O. Box 905, 1231 Et St.','79393','Antibes','1985-07-29','0220992795','u.heeren@google.fr','0719336678'),
  ('Cloutier','Brooke','Ap #515-4861 Sed Ave','26183','Montluçon','1993-01-04','0276043882','brookecloutier@google.fr','0624137218'),
  ('Royer','Gay','Ap #369-5614 Proin Av.','22886','Bordeaux','1984-07-04','0232577733','g.royer@google.fr','0665621107'),
  ('Spijker','Bertha','Ap #202-3942 Dictum Rd.','72368','Troyes','1989-12-03','0552445881','s.bertha3690@google.fr','0768317727'),
  ('Poirier','Ian','817-865 Dignissim Street','31626','Castres','1990-09-19','0146254388','i.poirier7609@hotmail.fr','0733372110'),
  ('Proulx','Rae','378-7428 Diam. Av.','51502','Versailles','1982-08-30','0416691456','p-rae9370@hotmail.fr','0661375226'),
  ('Beaulieu','Maile','Ap #435-4825 Turpis. Avenue','76218','Clermont-Ferrand','1983-05-22','0153450272','maile-beaulieu@hotmail.fr','0733655488'),
  ('Beauchene','Kirestin','P.O. Box 901, 9011 Nisl Avenue','32484','Antibes','1990-05-06','0406964060','beauchene-kirestin@hotmail.fr','0707542888'),
  ('Prinsen','Preston','7354 Lorem St.','15415','Évreux','1983-08-30','0443265856','prinsen-preston9604@google.fr','0643357562'),
  ('Bouwmeester','Forrest','Ap #813-1529 Magna Ave','85941','Nancy','1991-08-04','0174641318','fbouwmeester@google.fr','0768678621');
INSERT INTO client (nom,prenom,rue,cp,ville,datenaiss,telfixe,mail,mobile)
VALUES
  ('Haak','Alec','735-5782 Non Rd.','94417','Limoges','1995-04-30','0550262135','a.haak4021@google.fr','0759564166'),
  ('Poirier','Wylie','536-7357 Et, Rd.','39314','Abbeville','1993-06-11','0251677857','poirier-wylie2961@google.fr','0617659446'),
  ('Borde','Honorato','9974 Vel Rd.','48627','Marcq-en-Baroeul','1984-09-20','0563119127','honorato.borde1884@google.fr','0774805252'),
  ('Royer','Connor','773-221 Per Av.','35468','Albi','1993-10-04','0524378554','connor-royer@hotmail.fr','0722546939'),
  ('Achthoven','Kyla','Ap #429-2227 Facilisis Avenue','21133','Moulins','1987-05-01','0244470864','kyla.achthoven@google.fr','0611823644'),
  ('Boivin','Edward','Ap #423-1392 Quam. Ave','36488','Rueil-Malmaison','1991-10-31','0180581982','edward_boivin8546@hotmail.fr','0783566418'),
  ('Monet','Sierra','P.O. Box 372, 1663 Donec Ave','23135','Compiègne','1980-01-21','0336573774','sierramonet@hotmail.fr','0781983563'),
  ('Lachapelle','Jacqueline','Ap #351-3988 Lectus Rd.','18661','Béthune','1984-02-06','0565714512','jacquelinelachapelle@hotmail.fr','0728442405'),
  ('Hagen','Amber','Ap #314-3008 Neque St.','58328','Blois','1987-01-05','0322377363','amber-hagen@google.fr','0755332197'),
  ('Marchand','Hamilton','421-2077 Quam, St.','45419','Toulon','1992-10-07','0334235807','m_hamilton@google.fr','0721512662');
INSERT INTO client (nom,prenom,rue,cp,ville,datenaiss,telfixe,mail,mobile)
VALUES
  ('Poirier','Alan','Ap #536-7252 Nunc Road','25849','Montauban','1983-12-17','0357256755','poirier_alan@hotmail.fr','0778426849'),
  ('Segal','Robin','541-4690 Non, St.','12662','Besançon','1991-01-13','0131277865','s-robin@hotmail.fr','0773757167'),
  ('Prinsen','Warren','Ap #718-1902 Amet Rd.','42711','Dole','1983-07-11','0589283461','w_prinsen@google.fr','0762402684'),
  ('Brisbois','Britanni','Ap #399-9395 Et St.','48155','Troyes','1993-03-01','0474166253','brisbois_britanni@hotmail.fr','0634917274'),
  ('Janvier','Kuame','847-7653 Et, Av.','54280','Saint-Louis','1991-03-09','0488377073','k_janvier8183@hotmail.fr','0718786459'),
  ('Achterberg','Florence','Ap #840-4184 Magnis Rd.','75657','Albi','1987-02-16','0328038744','f.achterberg2721@google.fr','0752913210'),
  ('Ter Avest','Raven','386-7206 A, Ave','26943','Saint-Louis','1992-01-22','0402957371','t_raven8013@google.fr','0666776792'),
  ('Geelen','Brock','Ap #252-8134 Ultricies Ave','55224','Saint-Maur-des-Fossés','1985-11-19','0571163436','g-brock@google.fr','0654613068'),
  ('Kuiper','Ignatius','P.O. Box 610, 8626 Ac Avenue','44732','Aurillac','1994-04-12','0234489262','kuiper_ignatius@hotmail.fr','0611334901'),
  ('Leroux','Raymond','341-698 Enim. St.','32773','Toulon','1993-10-23','0404830576','leroux.raymond@google.fr','0664466414');
INSERT INTO client (nom,prenom,rue,cp,ville,datenaiss,telfixe,mail,mobile)
VALUES
  ('Deforest','Phillip','Ap #378-6587 Integer Avenue','89871','Montbéliard','1981-12-02','0263642511','d_phillip@hotmail.fr','0767418944'),
  ('Van Der Aart','Serena','P.O. Box 632, 4535 A Rd.','51723','Besançon','1987-02-25','0356158388','serenavanderaart6942@hotmail.fr','0663764281'),
  ('Adrichem','Beck','150-7248 Euismod Ave','38489','Forbach','1995-08-31','0465158827','a.beck7024@hotmail.fr','0738495669'),
  ('Bakhuizen','Rana','Ap #456-2840 Mi. St.','25534','Abbeville','1985-10-22','0267845475','ranabakhuizen@google.fr','0767165375'),
  ('Aakster','Brynne','Ap #972-6897 Nulla Av.','69461','Alençon','1981-07-06','0275080626','b.aakster1349@hotmail.fr','0774846205'),
  ('Van Aalsburg','Olympia','Ap #450-268 Dui Road','61420','Douai','1984-01-13','0519105924','olympia-vanaalsburg@hotmail.fr','0755018336'),
  ('Chaput','Keelie','P.O. Box 478, 7089 Semper Street','36325','Saint-Sébastien-sur-Loire','1994-02-01','0459232606','ckeelie231@google.fr','0659808387'),
  ('Achthoven','Nolan','Ap #395-1232 Auctor. St.','26406','Saint-Louis','1991-04-12','0115579377','achthovennolan@google.fr','0753648363'),
  ('Bezuindenhout','Asher','P.O. Box 555, 6403 Sed St.','55721','Tarbes','1983-02-15','0182044616','basher@hotmail.fr','0656289152'),
  ('Vincent','Phoebe','468-1944 Eget Ave','39323','Aubervilliers','1984-03-22','0133401684','v.phoebe@hotmail.fr','0682336732');
INSERT INTO client (nom,prenom,rue,cp,ville,datenaiss,telfixe,mail,mobile)
VALUES
  ('Vincent','Hunter','3867 In Ave','67185','Bergerac','1993-10-04','0505582873','hunter.vincent@google.fr','0748089074'),
  ('Smet','Carol','Ap #777-6773 Odio Road','48364','Abbeville','1981-09-23','0255415842','smet_carol@hotmail.fr','0741084046'),
  ('Langlais','Belle','P.O. Box 872, 6381 Adipiscing Avenue','86573','Chalon-sur-Saône','1992-11-06','0140785403','l-belle@google.fr','0722379271'),
  ('Vincent','Sylvia','148-1388 Interdum. Road','56875','Colombes','1980-12-26','0199568232','sylvia-vincent8607@google.fr','0653387732'),
  ('Dubois','Brody','3534 Curabitur Street','54654','Quimper','1986-09-09','0263149644','brody_dubois5132@google.fr','0727205368'),
  ('Berg','Nevada','P.O. Box 243, 3893 Vel, St.','45168','Pau','1986-03-19','0416478595','b-nevada@google.fr','0761491263'),
  ('Hagen','Vance','Ap #505-3383 Rhoncus. Ave','87836','Pau','1994-10-01','0373507206','vhagen@google.fr','0772617731'),
  ('Chastain','Wyatt','808-7172 Elit. Rd.','76085','Charleville-Mézières','1982-01-18','0375278444','c.wyatt@hotmail.fr','0638162175'),
  ('Kappel','Dexter','P.O. Box 834, 303 Tristique Rd.','86271','Metz','1982-03-18','0369827264','k.dexter@hotmail.fr','0656576368'),
  ('Chastain','Nissim','Ap #329-5126 Torquent St.','27283','Troyes','1980-09-30','0372178121','c_nissim5481@hotmail.fr','0659736082');
INSERT INTO client (nom,prenom,rue,cp,ville,datenaiss,telfixe,mail,mobile)
VALUES
  ('Kloet','Robert','990-738 Eleifend. Road','28921','Argenteuil','1994-03-04','0341016842','k_robert@google.fr','0754847827'),
  ('Aarle','Ahmed','Ap #448-8453 Mi, Av.','88722','Brive-la-Gaillarde','1982-10-14','0472413923','ahmed-aarle@google.fr','0652761517'),
  ('Klein','Kelsey','531-5817 Cursus. Ave','86285','Gap','1981-01-24','0262784832','klein.kelsey@hotmail.fr','0642330968'),
  ('Victor','Silas','Ap #910-6800 Donec Avenue','01197','Épernay','1989-07-22','0349417940','silas-victor8494@hotmail.fr','0666065274'),
  ('Ter Avest','Hadassah','368-1037 Eleifend Rd.','43680','Chalon-sur-Saône','1990-08-25','0506366379','hadassah_teravest@google.fr','0653175765'),
  ('Cruyssen','Blake','P.O. Box 438, 5424 Imperdiet Road','03656','Ajaccio','1980-06-20','0216464461','c_blake693@google.fr','0765618354'),
  ('Monet','Maggie','Ap #643-2357 Dolor Av.','56270','Nevers','1985-06-12','0378525842','maggie-monet@google.fr','0780645166'),
  ('Tremblay','Kai','5954 Ut Street','74266','Sarreguemines','1992-04-08','0270320973','kai.tremblay4197@google.fr','0682205616'),
  ('Chevalier','Seth','P.O. Box 133, 5883 Sed Ave','68478','Tours','1980-11-23','0180845179','cseth9230@google.fr','0741604318'),
  ('Achterberg','Nicholas','861-5678 Sit Ave','29311','Montauban','1991-05-01','0428002676','a.nicholas4622@hotmail.fr','0664419779');
INSERT INTO client (nom,prenom,rue,cp,ville,datenaiss,telfixe,mail,mobile)
VALUES
  ('Berg','Stuart','987-3918 Malesuada Avenue','55802','Rouen','1980-11-20','0587448413','s_berg8342@google.fr','0734518840'),
  ('Smet','Kaseem','Ap #366-3354 Amet Av.','72756','Ajaccio','1994-10-12','0176214589','k_smet@hotmail.fr','0651184640'),
  ('Haak','Anne','177-3709 Fermentum Street','44746','Hérouville-Saint-Clair','1985-07-25','0589785182','anne_haak9329@google.fr','0632063736'),
  ('Aaldenberg','Beau','Ap #245-8377 Ornare, Road','43067','Dreux','1990-03-19','0522848448','a_beau3975@hotmail.fr','0635975020'),
  ('Berg','Petra','679-1436 Feugiat Rd.','84253','Sarreguemines','1981-11-11','0348859940','bergpetra@google.fr','0648507613'),
  ('Cloutier','Tallulah','Ap #478-3429 Ante Avenue','16368','Lorient','1989-06-03','0147531467','cloutier_tallulah@google.fr','0729463748'),
  ('Prinsen','Ryan','607-5441 Metus St.','26625','Limoges','1988-11-01','0528392558','prinsen-ryan457@hotmail.fr','0635773473'),
  ('Tailler','Tashya','680-3633 Dui Street','43313','Biarritz','1990-10-25','0163237450','tailler_tashya7786@google.fr','0751034344'),
  ('Plourde','Iona','Ap #718-5795 Laoreet Street','55027','Pessac','1988-01-01','0483863523','plourde-iona@google.fr','0691553194'),
  ('Rietveld','Christian','Ap #148-5140 Dui. Road','84213','La Rochelle','1983-01-25','0292607215','crietveld@hotmail.fr','0689756662');
INSERT INTO client (nom,prenom,rue,cp,ville,datenaiss,telfixe,mail,mobile)
VALUES
  ('Tremblay','Branden','P.O. Box 590, 7342 Eu St.','50434','Soissons','1993-07-05','0287373254','brandentremblay@google.fr','0628306346'),
  ('Tailler','Mikayla','P.O. Box 712, 1072 Suspendisse Road','35049','Albi','1989-10-27','0544123176','tailler.mikayla3550@hotmail.fr','0681552538'),
  ('Royer','Charity','P.O. Box 843, 4950 Mauris Street','60124','Le Grand-Quevilly','1989-08-24','0552277119','c-royer@hotmail.fr','0630391326'),
  ('Mertens','Penelope','Ap #765-9875 Non, St.','75154','Alençon','1994-04-24','0114465612','penelope-mertens6348@hotmail.fr','0777774622'),
  ('Monet','Aaron','482-6857 Mus. Rd.','16404','La Rochelle','1989-11-21','0132365208','aaronmonet@hotmail.fr','0776242783'),
  ('Villenueve','Stone','P.O. Box 974, 7877 Tempor Rd.','72011','Dole','1982-12-18','0578867021','v.stone@hotmail.fr','0628724709'),
  ('Van Alphen','Carolyn','P.O. Box 784, 4677 Tempus St.','76820','Évreux','1981-08-17','0517127877','carolyn-vanalphen1850@google.fr','0755109589'),
  ('Janvier','Bruno','Ap #303-1235 Non Ave','60719','Lisieux','1983-07-23','0217256886','jbruno4790@google.fr','0783538845'),
  ('Borde','Daryl','5326 Ullamcorper Rd.','41158','Mulhouse','1993-01-05','0233815566','b-daryl6709@hotmail.fr','0686185191'),
  ('Bunschoten','Celeste','Ap #929-8933 Vehicula Road','84587','Mérignac','1984-05-30','0328276183','b-celeste@google.fr','0674103868');
INSERT INTO client (nom,prenom,rue,cp,ville,datenaiss,telfixe,mail,mobile)
VALUES
  ('Tremblay','Harper','P.O. Box 527, 5848 Pharetra Avenue','86562','Caen','1994-04-18','0344451356','h-tremblay435@hotmail.fr','0628455745'),
  ('Bakhuizen','James','597-3434 Vel, Ave','63761','Castres','1986-05-04','0423170334','james.bakhuizen@google.fr','0784949564'),
  ('Blanc','Ria','Ap #690-4346 Aliquam Road','58769','Lorient','1991-08-21','0542640237','ria.blanc8814@google.fr','0743131815'),
  ('Archambault','Rajah','585-3974 Aliquet Road','74732','Blois','1993-02-12','0542421280','a-rajah2487@hotmail.fr','0763721918'),
  ('Maes','Teegan','Ap #164-8823 Porttitor Avenue','21195','La Roche-sur-Yon','1984-08-25','0117753077','teegan.maes5861@hotmail.fr','0630788974'),
  ('Neuville','Eliana','P.O. Box 728, 5101 Sed Av.','53733','Perpignan','1989-07-21','0192262926','e.neuville@google.fr','0671715361'),
  ('Bezuindenhout','Linus','676-9051 Scelerisque Avenue','51097','Perpignan','1994-12-05','0144756654','blinus1389@google.fr','0643433851'),
  ('Achthoven','McKenzie','165-2154 Convallis, St.','21993','Moulins','1983-10-22','0303335268','a_mckenzie9447@google.fr','0784886205'),
  ('Monet','Yuli','P.O. Box 226, 9642 Sociosqu Ave','53663','Laval','1985-06-03','0186411575','monet.yuli@hotmail.fr','0688833483'),
  ('Roggeveen','Emerald','Ap #177-2529 Velit. St.','96237','Levallois-Perret','1993-03-30','0388817743','e.roggeveen4245@hotmail.fr','0794318037');
INSERT INTO client (nom,prenom,rue,cp,ville,datenaiss,telfixe,mail,mobile)
VALUES
  ('Proulx','Josephine','135-3649 Semper Street','11436','Saint-Médard-en-Jalles','1986-10-29','0351440154','p_josephine@hotmail.fr','0739342224'),
  ('Lavigne','Nelle','Ap #279-5781 Dictum Rd.','81373','Tournefeuille','1986-10-16','0207868258','nelle.lavigne@hotmail.fr','0780607685'),
  ('Chevalier','James','479-5636 Nibh Av.','69611','Besançon','1980-02-08','0122022511','j_chevalier@google.fr','0735276077'),
  ('Kloet','Quinn','P.O. Box 229, 3642 Elit St.','41245','Antibes','1990-06-16','0402226428','kquinn@google.fr','0646885030'),
  ('Van Aalsburg','Audrey','683-4105 Nibh Rd.','62708','Aurillac','1980-12-29','0169317473','audrey-vanaalsburg6983@google.fr','0643141185'),
  ('Spijker','Idola','556-7437 Ut, Road','52432','Ajaccio','1991-04-18','0454195561','s.idola@google.fr','0683015334'),
  ('Bellamy','Allistair','Ap #813-7548 Risus Av.','15834','Versailles','1989-03-09','0337448475','b_allistair@google.fr','0723571527'),
  ('Royer','Robin','Ap #376-6952 Ultrices, Ave','23800','Bergerac','1994-07-08','0218176284','rroyer5671@google.fr','0786660846'),
  ('Peeters','Stephen','Ap #554-8345 Amet St.','84446','Champigny-sur-Marne','1990-05-25','0402855288','p-stephen@hotmail.fr','0664376881'),
  ('Haanraads','Xenos','123-4125 Sed Street','22163','Lunel','1993-03-31','0564327843','hxenos@google.fr','0646575601');
INSERT INTO client (nom,prenom,rue,cp,ville,datenaiss,telfixe,mail,mobile)
VALUES
  ('Haanraads','Tyler','571-9876 Aliquam Avenue','64098','Saintes','1988-03-18','0136557273','tyler-haanraads@hotmail.fr','0748136586'),
  ('Aaldenberg','Jacqueline','Ap #956-1649 Consectetuer, Avenue','08168','Saint-Quentin','1980-11-18','0366443261','a-jacqueline@google.fr','0603871880'),
  ('Blanc','Kylee','1025 Lacinia St.','77285','Pontarlier','1989-10-18','0462373354','kylee_blanc4886@hotmail.fr','0721365852'),
  ('Kloet','Jescie','177-1756 At, Rd.','04423','Bastia','1981-03-22','0213652491','kloet.jescie@hotmail.fr','0669794146'),
  ('Janvier','Gannon','Ap #358-9641 Mattis. Ave','38221','Sotteville-lès-Rouen','1990-05-22','0308972023','gannonjanvier3369@hotmail.fr','0653117303'),
  ('Janssens','McKenzie','P.O. Box 530, 8402 Bibendum Rd.','68615','Pontarlier','1994-09-18','0447371185','mckenziejanssens5243@hotmail.fr','0749636853'),
  ('Dumont','Cassidy','9013 Sit Av.','08886','Montpellier','1992-12-25','0483123868','c_dumont@hotmail.fr','0711868727'),
  ('Poulin','MacKensie','Ap #805-1070 Urna. St.','23144','Châtellerault','1995-10-06','0386919471','mpoulin@hotmail.fr','0647702655'),
  ('Villenueve','Jason','Ap #578-6397 Mauris Rd.','55961','Limoges','1988-08-06','0416828266','v-jason@hotmail.fr','0775838192'),
  ('Lane','Mason','Ap #652-328 Tellus St.','60145','La Rochelle','1989-10-28','0396624318','mason_lane4484@hotmail.fr','0638591323');
INSERT INTO client (nom,prenom,rue,cp,ville,datenaiss,telfixe,mail,mobile)
VALUES
  ('Hendrix','Lani','P.O. Box 724, 9119 Pellentesque, St.','74114','La Rochelle','1993-09-23','0253673286','hendrix-lani@google.fr','0629480261'),
  ('Chaput','Wanda','381-3719 Aliquam Av.','26366','Saint-Dizier','1980-02-12','0347342526','wanda_chaput@hotmail.fr','0763472388'),
  ('Roggeveen','Barbara','898-3602 Libero Ave','41467','Vannes','1987-05-05','0446703321','b_roggeveen@google.fr','0777353220'),
  ('Cousineau','Tatyana','Ap #742-7881 Eros. Av.','28890','Dijon','1994-02-12','0418526772','tatyana_cousineau8131@google.fr','0762538651'),
  ('Poulin','Briar','7317 Nunc Road','35216','Nantes','1994-07-06','0262773071','pbriar@google.fr','0691346646'),
  ('Garcon','Guy','447-3444 Tempus St.','39974','Asnières-sur-Seine','1992-06-08','0211274865','garcon_guy5579@google.fr','0771263727'),
  ('Ter Avest','Seth','Ap #700-6819 Molestie. Avenue','56195','Draguignan','1990-12-23','0477771953','teravest-seth@hotmail.fr','0723344824'),
  ('Janssens','Nathan','5895 Adipiscing St.','50443','Amiens','1985-11-13','0540347084','nathan_janssens@google.fr','0762419683'),
  ('Haak','Jasper','Ap #232-5520 Phasellus Street','62606','Bastia','1991-02-11','0268871731','j.haak355@google.fr','0612467666'),
  ('Deforest','Rosalyn','560-4185 Amet, St.','74772','Le Petit-Quevilly','1989-06-18','0396340163','d_rosalyn4650@hotmail.fr','0752347555');
INSERT INTO client (nom,prenom,rue,cp,ville,datenaiss,telfixe,mail,mobile)
VALUES
  ('Petit','Odette','P.O. Box 748, 4839 Vulputate, Avenue','77132','Levallois-Perret','1986-12-14','0527318747','petit-odette@hotmail.fr','0711657677'),
  ('Leroux','Norman','119-6247 Ligula. Rd.','33061','Bourges','1982-04-25','0413288468','l-norman@google.fr','0787658912'),
  ('Poirier','Stacy','P.O. Box 971, 1600 In Street','47149','Aubagne','1984-07-31','0371428725','p_stacy@google.fr','0609121674'),
  ('Duval','Moses','8630 Ante Ave','41852','Gap','1987-12-03','0460688726','moses.duval@google.fr','0697735678'),
  ('Bezuindenhout','Joan','801-7052 Vitae Road','73090','Limoges','1980-11-20','0123671924','joan-bezuindenhout8503@hotmail.fr','0777140942'),
  ('Petit','Doris','7247 Pharetra. Rd.','48671','Ajaccio','1990-06-27','0244199658','p-doris4381@hotmail.fr','0750785021'),
  ('Haanraads','Kellie','240-3826 Ultricies Ave','61422','Châtellerault','1981-05-18','0556663383','kelliehaanraads@hotmail.fr','0773691747'),
  ('Baardwijk','Wynter','Ap #305-5976 Nam St.','43079','Cherbourg-Octeville','1983-02-09','0348932220','baardwijkwynter@hotmail.fr','0626085475'),
  ('Bouwmeester','Justine','1716 Hendrerit. St.','64544','Aubagne','1995-01-25','0255783664','bouwmeester.justine573@google.fr','0727343403'),
  ('Mertens','Mechelle','703-451 Nulla Avenue','77843','Blois','1983-04-21','0421727260','mechellemertens3515@google.fr','0736434966');
INSERT INTO client (nom,prenom,rue,cp,ville,datenaiss,telfixe,mail,mobile)
VALUES
  ('Lane','Elaine','852-5253 Ultrices. Ave','07676','Bastia','1993-02-02','0535258217','l-elaine@google.fr','0666215384'),
  ('Maes','Christopher','611-6288 Nunc St.','54523','Évreux','1992-04-23','0443195080','christopher.maes6590@hotmail.fr','0748046165'),
  ('Rietveld','Velma','544-2574 Tincidunt, Avenue','05747','Bastia','1980-10-17','0144246571','velmarietveld@hotmail.fr','0773311107'),
  ('Roggeveen','Keaton','7311 Vestibulum Av.','41900','Troyes','1986-09-04','0262165527','kroggeveen2855@hotmail.fr','0746635592'),
  ('Chastain','Fulton','P.O. Box 807, 1925 Libero Av.','91317','Drancy','1995-05-04','0447139754','c_fulton@google.fr','0745425796'),
  ('Janvier','Griffin','543 Eu Road','62728','Saint-Denis','1980-05-02','0381820127','griffin_janvier8240@hotmail.fr','0764029365'),
  ('Archambault','Pandora','P.O. Box 725, 5878 Vulputate Av.','56884','Vannes','1984-09-25','0572181653','p_archambault@google.fr','0691066325'),
  ('Borde','Susan','Ap #444-404 Rutrum Ave','61143','Le Grand-Quevilly','1986-08-15','0137578639','bsusan5765@hotmail.fr','0632220236'),
  ('Dubois','Silas','636-7048 Sem, Av.','89569','Biarritz','1992-11-26','0421700222','dsilas6949@google.fr','0600186411'),
  ('Plamondon','Kenyon','396-1307 Cum Av.','27179','Saint-Dizier','1986-04-20','0457381647','p.kenyon7387@google.fr','0632452260');
INSERT INTO client (nom,prenom,rue,cp,ville,datenaiss,telfixe,mail,mobile)
VALUES
  ('Tremble','Arthur','Ap #494-8940 Feugiat. Road','87234','Chartres','1989-12-19','0215114073','tremble.arthur849@hotmail.fr','0654480383'),
  ('Holt','Zelda','P.O. Box 769, 3111 Augue St.','48285','Sotteville-lès-Rouen','1988-03-29','0369633440','z-holt3650@google.fr','0715144480'),
  ('Blanc','Kimberley','736-7857 Sed Avenue','36159','Nevers','1992-02-22','0454187202','kblanc@google.fr','0719788231'),
  ('Chevalier','Quinn','938-9727 Morbi Av.','64534','Châlons-en-Champagne','1982-03-18','0477231552','cquinn@hotmail.fr','0762051243'),
  ('Jonker','Keelie','403-2444 Tempus St.','24046','Aurillac','1995-07-19','0594556853','j_keelie68@hotmail.fr','0721178622'),
  ('Smet','Kevin','3791 Sit Street','71002','Saint-Louis','1988-07-21','0362240118','k.smet@hotmail.fr','0674410260'),
  ('Vincent','Scarlet','9758 Semper Ave','86465','Limoges','1995-10-21','0232755523','scarletvincent@hotmail.fr','0676138981'),
  ('Beauchene','McKenzie','683-5735 Donec Avenue','83686','Colmar','1986-03-28','0414069120','b-mckenzie@hotmail.fr','0687683267'),
  ('Bouwmeester','Lance','994-4909 Dui Rd.','04838','Metz','1987-02-02','0310429764','b-lance@google.fr','0765175171'),
  ('Poulin','Hedley','367-3228 Tincidunt Ave','35836','Pontarlier','1994-10-10','0205888805','hedley.poulin@google.fr','0611726271');
INSERT INTO client (nom,prenom,rue,cp,ville,datenaiss,telfixe,mail,mobile)
VALUES
  ('Achterberg','Shoshana','Ap #356-5545 Libero Av.','57946','Reims','1995-02-24','0193792539','shoshanaachterberg9731@google.fr','0743688788'),
  ('Bunschoten','Brittany','Ap #929-2518 Dictum Ave','69565','Laval','1994-05-06','0300136628','b-brittany5688@google.fr','0633566753'),
  ('Gagneux','Mariko','433-2820 Morbi Avenue','21137','Brive-la-Gaillarde','1990-03-22','0535471348','g-mariko398@google.fr','0656756218'),
  ('Prinsen','Kadeem','755-1834 Eu Avenue','49923','Colmar','1982-11-01','0573276514','pkadeem@hotmail.fr','0774986639'),
  ('Segal','Paula','Ap #747-9504 Amet, Ave','54187','Béthune','1982-04-25','0333632512','s_paula@hotmail.fr','0722806542'),
  ('Vincent','Ivory','935-7781 Sed St.','88319','Castres','1988-06-20','0156347557','vincent.ivory6105@hotmail.fr','0627961632'),
  ('Roggeveen','Tara','P.O. Box 421, 7901 Elit St.','71405','Bayonne','1980-07-06','0483621754','t-roggeveen@hotmail.fr','0733421083'),
  ('Archambault','Karina','8282 Ultricies Avenue','53667','Limoges','1993-11-08','0201598803','karinaarchambault2887@google.fr','0641322181'),
  ('Achthoven','Cade','Ap #290-9260 Cum Av.','62523','Saint-Louis','1986-10-26','0218734182','achthoven-cade@google.fr','0616752887'),
  ('Adrichem','Jada','Ap #223-4013 Mauris Ave','19614','Tourcoing','1986-06-07','0559624012','j_adrichem@google.fr','0785757654');
INSERT INTO client (nom,prenom,rue,cp,ville,datenaiss,telfixe,mail,mobile)
VALUES
  ('Aaldenberg','Patrick','178-6490 Quisque Street','81373','Charleville-Mézières','1993-06-04','0166559712','a_patrick7662@hotmail.fr','0773674384'),
  ('Berg','Kaseem','9099 Odio Road','46342','Niort','1994-12-18','0256568755','k.berg@google.fr','0648213893'),
  ('Aarle','Mechelle','240-4219 Arcu. Av.','54534','Dieppe','1988-05-31','0265389877','mechelle_aarle8307@google.fr','0724110748'),
  ('Lavigne','Farrah','6370 Sed Av.','78013','Mâcon','1990-12-15','0597164559','l-farrah2273@hotmail.fr','0616022097'),
  ('Chaput','Eve','P.O. Box 775, 6716 Facilisis Avenue','30920','Dole','1985-09-24','0329789151','ceve4444@hotmail.fr','0735602438'),
  ('Eikenboom','Zane','P.O. Box 153, 835 In Avenue','66379','Thionville','1987-03-30','0276343997','e.zane5293@hotmail.fr','0661177636'),
  ('Dam','Kalia','Ap #475-8070 Vehicula Ave','59661','Aulnay-sous-Bois','1986-05-24','0165829757','dam_kalia@google.fr','0686299249'),
  ('Chastain','Castor','8901 Praesent Ave','39735','Beauvais','1985-04-25','0229201439','c-chastain3434@hotmail.fr','0753685356'),
  ('Aarden','Lester','P.O. Box 899, 4669 Id, Street','27554','Saint-Lô','1994-07-27','0233662454','aarden.lester@google.fr','0747300106'),
  ('Peerenboom','Courtney','990-876 Vivamus Rd.','38837','Narbonne','1995-04-12','0261072744','pcourtney@google.fr','0620628120');
INSERT INTO client (nom,prenom,rue,cp,ville,datenaiss,telfixe,mail,mobile)
VALUES
  ('Berg','Jared','516-2975 Tortor. St.','44617','Nîmes','1980-03-04','0278370024','bjared2552@hotmail.fr','0736703512'),
  ('Van Alphen','Marvin','3897 Nonummy Rd.','89566','Metz','1993-07-21','0578887539','m.vanalphen@google.fr','0692837283'),
  ('Bouwmeester','Cade','Ap #757-2155 Mollis Ave','14131','Aubagne','1982-10-27','0382128230','b.cade@google.fr','0746547773'),
  ('Poirier','Rudyard','6876 Nulla Street','86317','Dreux','1993-08-28','0555757445','rudyard-poirier5617@hotmail.fr','0624748122'),
  ('Janvier','Brendan','Ap #705-8208 Sit Rd.','93540','Biarritz','1980-10-25','0333053461','j-brendan@hotmail.fr','0731897685'),
  ('Bouwmeester','Orlando','Ap #740-6322 Neque Road','63155','Versailles','1983-07-24','0148364611','orlandobouwmeester@google.fr','0736398576'),
  ('Bakhuizen','Sierra','670-9338 Donec Ave','76278','Calais','1985-11-12','0362391188','sierra_bakhuizen@google.fr','0655517182'),
  ('Beauchene','Mercedes','Ap #117-5913 Pellentesque St.','39696','Laval','1990-03-18','0187713799','mbeauchene2051@google.fr','0627334657'),
  ('Elzinga','Vincent','Ap #544-6408 Tellus St.','70088','Gap','1992-03-27','0361282939','vincent_elzinga@google.fr','0631740051'),
  ('Travers','Dustin','485-7546 Augue. St.','97437','Saint-Sébastien-sur-Loire','1995-08-24','0542173507','travers_dustin7562@google.fr','0684522256');
INSERT INTO client (nom,prenom,rue,cp,ville,datenaiss,telfixe,mail,mobile)
VALUES
  ('Beaulieu','Shellie','Ap #200-7268 Dolor. Ave','77213','Ajaccio','1992-09-11','0313185636','s_beaulieu613@google.fr','0697248514'),
  ('Bouwmeester','Matthew','Ap #488-7287 Eget St.','75745','Saint-Lô','1991-01-19','0255680668','bouwmeester.matthew5014@hotmail.fr','0617877752'),
  ('Plourde','William','816-9606 Aliquam Rd.','12236','Chalon-sur-Saône','1989-07-14','0274853378','p-william8805@google.fr','0741350388'),
  ('Haak','Aladdin','Ap #985-2550 Nunc Avenue','64624','Saint-Nazaire','1993-02-13','0549761322','aladdinhaak@hotmail.fr','0756054776'),
  ('Segal','Fiona','2732 Massa. Street','73936','Saint-Malo','1995-06-28','0226557734','s-fiona@google.fr','0672261389'),
  ('Jonker','Lavinia','4180 Sed Rd.','67739','Bordeaux','1984-03-31','0437235265','l-jonker5078@google.fr','0635270305'),
  ('Lavigne','Conan','P.O. Box 297, 5402 Massa. Ave','36641','Brive-la-Gaillarde','1995-08-12','0395884575','l_conan4854@hotmail.fr','0775796344'),
  ('Maes','Slade','Ap #788-4062 Egestas. Road','64134','Beauvais','1985-03-30','0331255546','maesslade7051@hotmail.fr','0683363914'),
  ('Geelen','Vance','P.O. Box 605, 5511 Vitae Rd.','84978','Niort','1992-08-21','0183345915','gvance@hotmail.fr','0753758261'),
  ('Berger','Callie','209-8813 Aenean Avenue','46856','Montigny-lès-Metz','1982-03-01','0522144723','b-callie@hotmail.fr','0775828467');
INSERT INTO client (nom,prenom,rue,cp,ville,datenaiss,telfixe,mail,mobile)
VALUES
  ('Dubois','Kirk','P.O. Box 694, 319 Morbi Street','19757','Lille','1993-01-05','0113527844','dkirk@hotmail.fr','0621622103'),
  ('Hoedemaker','Dominic','253-8626 Nibh. Av.','69162','Ajaccio','1990-04-02','0304723025','dominic.hoedemaker@google.fr','0678166739'),
  ('Romeijnders','Lois','P.O. Box 703, 9544 Magna. Av.','88261','Villenave-d''Ornon','1987-10-05','0179861959','romeijnders-lois@google.fr','0724441572'),
  ('Marchand','Price','6203 Eu, Avenue','00432','Limoges','1983-04-26','0151154409','marchand-price4559@google.fr','0617553766'),
  ('Dumont','Micah','P.O. Box 573, 2077 Non Av.','25356','Marcq-en-Baroeul','1985-08-24','0376805135','d.micah3809@google.fr','0711794551'),
  ('Geelen','Iola','804-7284 Sem Rd.','30686','Tournefeuille','1981-10-16','0364945233','geelen_iola@hotmail.fr','0727757972'),
  ('Dubois','Abraham','Ap #348-2959 Lobortis Av.','44797','Montluçon','1985-03-14','0133382174','abraham-dubois6645@google.fr','0772682047'),
  ('Tailler','Emi','445-7907 Nec Rd.','07722','Alençon','1993-02-25','0477016064','e.tailler@hotmail.fr','0776583619'),
  ('Jonker','Sade','281-7658 Eu St.','87273','Lisieux','1991-11-03','0457407789','jonkersade@google.fr','0604531837'),
  ('Haanraads','Latifah','892-1001 Phasellus St.','35178','Perpignan','1994-01-06','0536242643','hlatifah3467@hotmail.fr','0706574741');
INSERT INTO client (nom,prenom,rue,cp,ville,datenaiss,telfixe,mail,mobile)
VALUES
  ('Duval','Pearl','Ap #939-9120 Montes, Av.','51710','Tarbes','1980-10-29','0453763552','pearlduval@hotmail.fr','0722856572'),
  ('Bezuindenhout','Winifred','415-3802 Turpis Ave','03629','Saint-Lô','1987-01-18','0581133485','winifred-bezuindenhout@google.fr','0726865179'),
  ('Chaput','Reuben','196-3736 Turpis. St.','54531','Périgueux','1984-01-20','0437646177','c-reuben@google.fr','0728744294'),
  ('Proulx','Ronan','4491 Velit Av.','81781','Forbach','1982-05-15','0158895133','ronanproulx4842@google.fr','0682220544'),
  ('Fontaine','Isaac','Ap #902-3303 Nullam Rd.','78225','Épernay','1982-02-27','0461532473','ifontaine@hotmail.fr','0715564765'),
  ('Boivin','Prescott','315-4488 Sagittis St.','14325','Rennes','1995-12-23','0518110781','prescottboivin@hotmail.fr','0736244225'),
  ('Geelen','Mason','P.O. Box 205, 2425 Purus St.','88743','Laon','1981-11-25','0586713598','geelen.mason2697@google.fr','0614588161'),
  ('Baardwijk','Margaret','Ap #367-2818 Ultricies St.','33918','Montpellier','1990-01-07','0545397476','margaret.baardwijk1752@hotmail.fr','0734498624'),
  ('Geelen','Xenos','1717 Nunc Rd.','67574','Ajaccio','1986-12-16','0356546216','xgeelen6910@google.fr','0677051037'),
  ('Ter Avest','Cheryl','P.O. Box 280, 7415 Erat. Road','31851','Bergerac','1995-03-24','0284421763','t_cheryl8960@hotmail.fr','0744993782');
INSERT INTO client (nom,prenom,rue,cp,ville,datenaiss,telfixe,mail,mobile)
VALUES
  ('Dam','Camille','Ap #990-6953 Ullamcorper, St.','84209','Saint-Malo','1991-05-25','0446411126','c_dam8997@hotmail.fr','0791612212'),
  ('Chaput','Curran','173-8058 Ligula Avenue','31779','Bergerac','1993-03-07','0243679620','curran_chaput@hotmail.fr','0631169824'),
  ('Baardwijk','Danielle','564-2153 Suscipit St.','75556','Saintes','1987-05-11','0354485247','d.baardwijk@hotmail.fr','0787526713'),
  ('Baardwijk','Kyra','295-3450 Id Street','13722','Ajaccio','1988-11-28','0534598372','k.baardwijk1314@google.fr','0618710148'),
  ('Haak','Olga','Ap #751-8114 Lobortis Street','20316','Vichy','1991-02-20','0153676554','haak.olga@google.fr','0651861760'),
  ('Marchand','Fletcher','577-9031 Magnis Av.','55552','Lambersart','1987-11-25','0222438261','fmarchand5586@google.fr','0616188275'),
  ('Dumont','Phyllis','467-2004 Sagittis. St.','77665','Colmar','1986-07-18','0422323278','p_dumont@hotmail.fr','0615345961'),
  ('Adrichem','Jared','5418 Quam, Street','03564','Saint-Dizier','1988-05-18','0272221226','jared.adrichem9615@hotmail.fr','0759497382'),
  ('Dam','Karyn','7801 Natoque Street','35346','Châtellerault','1990-08-27','0471745052','dkaryn5836@hotmail.fr','0763455367'),
  ('Koopman','John','P.O. Box 480, 5372 Sed Rd.','44255','Angoulême','1987-05-11','0476964867','koopman-john@google.fr','0608332656');
INSERT INTO client (nom,prenom,rue,cp,ville,datenaiss,telfixe,mail,mobile)
VALUES
  ('Plamondon','Driscoll','784-5378 Mollis. Rd.','26801','Laval','1983-11-03','0195721196','p_driscoll@hotmail.fr','0665837774'),
  ('Peerenboom','Ulla','Ap #932-4559 Nunc Av.','33239','Castres','1984-05-05','0137950771','ulla_peerenboom@hotmail.fr','0693684283'),
  ('Elzinga','Kyla','4759 Fermentum Rd.','76723','Épinal','1984-12-03','0112264117','kelzinga6593@hotmail.fr','0782703543'),
  ('Maes','Claire','Ap #266-1040 Lectus. Road','85106','Épinal','1990-09-11','0439115734','clairemaes3771@hotmail.fr','0665441152'),
  ('Travers','Colt','Ap #879-5063 Aenean Road','38289','Saumur','1994-02-10','0495584464','colt.travers2991@hotmail.fr','0654262873'),
  ('Villenueve','Rhiannon','155-7419 Tincidunt Road','42572','Limoges','1994-07-25','0268987425','v.rhiannon3941@hotmail.fr','0708373356'),
  ('Eikenboom','Emi','Ap #163-2073 Augue Road','28936','Albi','1994-02-26','0393207888','e_emi6212@hotmail.fr','0789627812'),
  ('Holt','Ariana','P.O. Box 537, 4918 Gravida Road','49598','Joué-lès-Tours','1984-05-18','0445477626','hariana8085@google.fr','0781838842'),
  ('Borde','Katelyn','Ap #881-2319 Dignissim St.','62020','Le Petit-Quevilly','1995-10-06','0238885958','b_katelyn7821@hotmail.fr','0683953273'),
  ('Travers','Naida','P.O. Box 964, 6632 Fringilla, Ave','56813','Le Havre','1989-02-14','0268187775','tnaida@google.fr','0616342234');
INSERT INTO client (nom,prenom,rue,cp,ville,datenaiss,telfixe,mail,mobile)
VALUES
  ('De Witte','Jayme','P.O. Box 456, 8735 Eget, Street','98283','Clermont-Ferrand','1980-05-15','0129582838','dewittejayme5298@hotmail.fr','0609516328'),
  ('Smet','John','P.O. Box 827, 1547 Lectus. Road','71948','Drancy','1984-01-08','0225478644','johnsmet5668@hotmail.fr','0668857387'),
  ('Chaput','Jayme','820-7294 Malesuada Ave','65840','Nancy','1995-06-17','0224833373','jayme.chaput6387@google.fr','0737275020'),
  ('Lemaire','Dorian','Ap #513-2137 Scelerisque Ave','27358','Dreux','1982-07-18','0449462526','dorian-lemaire4704@hotmail.fr','0753298313'),
  ('Gagneux','Walter','Ap #958-1181 Volutpat Avenue','37444','Limoges','1983-07-05','0159729961','g-walter9406@google.fr','0609673833'),
  ('Proulx','Odessa','P.O. Box 561, 643 Nonummy St.','41355','Compiègne','1992-10-22','0351368874','p.odessa@google.fr','0698183648'),
  ('Peeters','Rana','794-3890 Donec Avenue','54868','Le Puy-en-Velay','1982-11-09','0118861611','p_rana@google.fr','0606148748'),
  ('Gagneux','Hayden','Ap #444-7372 Ligula. Ave','89216','Mulhouse','1991-11-23','0574289423','gagneuxhayden612@google.fr','0722678598'),
  ('Holt','Vera','6747 Nibh Rd.','36476','Sens','1986-06-13','0177861815','v.holt1566@google.fr','0770810912'),
  ('Garcon','Hadley','Ap #813-7687 Sed Road','99135','Saint-Louis','1994-04-30','0210391111','hadleygarcon@google.fr','0745867347');
INSERT INTO client (nom,prenom,rue,cp,ville,datenaiss,telfixe,mail,mobile)
VALUES
  ('Lemaire','Winifred','Ap #279-4722 Est, Avenue','21400','Reims','1990-04-03','0450156361','w.lemaire496@google.fr','0646174008'),
  ('Cloutier','Omar','Ap #522-2907 Auctor Av.','14349','Castres','1989-01-17','0431543363','cloutier.omar1393@google.fr','0772463210'),
  ('Klein','Walter','427-5679 Nisl. St.','71564','Nevers','1994-03-27','0336492561','k-walter@google.fr','0749383353'),
  ('Savatier','Deborah','8575 Quam. Av.','87463','Brive-la-Gaillarde','1984-01-11','0135289580','deborahsavatier3175@google.fr','0704717651'),
  ('Archambault','Maisie','378-6668 Nisi Ave','34619','Nantes','1991-12-27','0160389813','maisiearchambault4861@hotmail.fr','0632046757'),
  ('Aakster','Keiko','Ap #418-8185 Euismod Rd.','24535','La Rochelle','1993-09-21','0488471409','keikoaakster@hotmail.fr','0782106241'),
  ('Elzinga','Tiger','1129 Aliquet, Av.','03663','Poitiers','1993-07-24','0137958864','e_tiger3158@hotmail.fr','0774302537'),
  ('Baardwijk','Keegan','Ap #745-6032 Risus. St.','13804','Beauvais','1990-06-11','0471814331','baardwijk-keegan8514@hotmail.fr','0661225912'),
  ('Brisbois','Cooper','342-6963 Nulla. Rd.','16976','Vitry-sur-Seine','1989-12-11','0538158483','cooper-brisbois@hotmail.fr','0703157075'),
  ('Aarden','Mannix','Ap #329-4700 Vitae Ave','54329','Agen','1990-12-15','0324746369','aarden-mannix@google.fr','0669143506');
INSERT INTO client (nom,prenom,rue,cp,ville,datenaiss,telfixe,mail,mobile)
VALUES
  ('Janvier','Jena','Ap #470-4853 Eu St.','61522','Pontarlier','1991-01-27','0207280497','jena_janvier@google.fr','0631561906'),
  ('Monet','Iola','778-8162 Vestibulum St.','44272','Thionville','1993-07-01','0250251577','i-monet@google.fr','0681289252'),
  ('Berg','Shelley','603-5554 Non Rd.','87281','La Rochelle','1992-02-15','0180878705','b.shelley9848@hotmail.fr','0765359840'),
  ('Smet','Cullen','890-2095 Proin Avenue','23335','Versailles','1988-05-06','0379916964','s_cullen5973@hotmail.fr','0652746866'),
  ('Tailler','Owen','P.O. Box 955, 3374 Ornare Avenue','88181','Hérouville-Saint-Clair','1991-08-03','0369781262','o.tailler@google.fr','0777752476'),
  ('Lamar','Caryn','919-1604 Duis Rd.','27747','Lanester','1995-06-01','0466135235','lamar-caryn@google.fr','0662885868'),
  ('Adrichem','Cassandra','387-8778 Vel Av.','56136','Aulnay-sous-Bois','1994-03-26','0322756277','adrichemcassandra2314@hotmail.fr','0791277671'),
  ('Kappel','Jolene','P.O. Box 250, 2739 Nullam St.','20499','Toulon','1986-09-19','0136151426','kappel.jolene8578@google.fr','0705320322'),
  ('De Witte','Gage','Ap #424-2350 Rutrum, Av.','72155','Dreux','1981-06-14','0415717762','d.gage@google.fr','0687155842'),
  ('Chastain','Colt','362-1385 Mauris Avenue','71441','Nîmes','1990-03-11','0233395845','ccolt9254@hotmail.fr','0762384663');
INSERT INTO client (nom,prenom,rue,cp,ville,datenaiss,telfixe,mail,mobile)
VALUES
  ('Dubois','Wing','Ap #920-8770 Cum Street','11728','Dole','1980-02-22','0367548879','wing-dubois@hotmail.fr','0680951324'),
  ('Romeijnders','Tad','Ap #228-261 Mauris Ave','18121','Besançon','1992-07-05','0125621787','r_tad@hotmail.fr','0624246045'),
  ('Adrichem','Beau','716-5623 Commodo St.','12836','Bastia','1988-06-24','0513407761','abeau6419@hotmail.fr','0641635791'),
  ('Cloutier','Dane','Ap #573-4601 Sed Street','06858','Bourges','1991-03-07','0306222447','dane-cloutier1702@google.fr','0721287965'),
  ('Cloutier','Elijah','Ap #155-8732 Erat Avenue','85585','Forbach','1980-05-21','0108877732','e_cloutier5986@hotmail.fr','0632737746'),
  ('Archambault','Berk','922-5249 Ornare, St.','75173','Haguenau','1994-10-27','0552223394','berk-archambault9262@google.fr','0783236530'),
  ('Achterberg','Mia','Ap #911-1823 Ullamcorper Av.','80231','Illkirch-Graffenstaden','1988-12-06','0497265404','amia@hotmail.fr','0775742121'),
  ('Heeren','Deanna','394-7552 Id Avenue','72584','Nancy','1988-06-24','0412616085','heeren.deanna2875@hotmail.fr','0718269677'),
  ('Hoedemaker','Howard','165-5443 Nisi Avenue','77334','Limoges','1995-02-25','0441321414','howardhoedemaker7459@google.fr','0734688431'),
  ('Neuville','Rigel','P.O. Box 611, 201 Tempus Avenue','94144','Agen','1983-05-23','0465316587','rigel.neuville@google.fr','0678494637');
INSERT INTO client (nom,prenom,rue,cp,ville,datenaiss,telfixe,mail,mobile)
VALUES
  ('Travers','Hedley','473-7594 Ante Road','84436','Châteauroux','1993-04-22','0553473512','travers_hedley@google.fr','0648043427'),
  ('Smet','Tarik','439-2373 Phasellus Rd.','64818','Maubeuge','1991-03-27','0118237626','t-smet@google.fr','0635669874'),
  ('Lachapelle','Logan','513-788 Metus. Rd.','39832','Pontarlier','1981-12-18','0273060548','loganlachapelle@google.fr','0653898820'),
  ('Chastain','Forrest','P.O. Box 166, 911 Ac Street','36218','Avignon','1992-11-23','0120633435','forrest.chastain@google.fr','0714494671'),
  ('Plamondon','Stephanie','829-933 Fusce Ave','15423','Caen','1991-10-15','0275344551','stephanieplamondon@google.fr','0678321885'),
  ('Fontaine','Hamilton','Ap #207-8548 Sed Rd.','33913','Castres','1982-03-24','0560915718','f-hamilton@google.fr','0665657762'),
  ('Rietveld','Hayes','5438 Proin Av.','01513','Dijon','1991-02-18','0520881157','hayes.rietveld8375@google.fr','0777761764'),
  ('Travers','Marvin','Ap #591-2348 Donec Avenue','43333','Dreux','1984-03-16','0161682786','travers-marvin@hotmail.fr','0767741917'),
  ('Geelen','Winifred','6837 Eget Rd.','15078','Albi','1993-11-23','0116245733','wgeelen@google.fr','0722587791'),
  ('Bunschoten','Aileen','751-1202 Ante Rd.','47262','Sens','1984-08-31','0173273514','aileenbunschoten5268@hotmail.fr','0678122377');
INSERT INTO client (nom,prenom,rue,cp,ville,datenaiss,telfixe,mail,mobile)
VALUES
  ('Jonker','Florence','P.O. Box 657, 3363 Gravida. Av.','22221','Saint-Herblain','1985-04-27','0497263348','florence.jonker@google.fr','0624634113'),
  ('Plourde','Phyllis','Ap #412-4292 Accumsan Road','40452','Tournefeuille','1994-04-25','0561531167','phyllis-plourde2093@google.fr','0753858861'),
  ('Lamar','September','P.O. Box 905, 2153 Nascetur Road','66635','Caen','1982-06-23','0145248524','s-lamar@hotmail.fr','0721365481'),
  ('Van Alphen','Jordan','5944 Sapien. Av.','13726','Laval','1984-08-11','0338325373','v_jordan@hotmail.fr','0788226011'),
  ('Aakster','Beatrice','P.O. Box 319, 8729 Nulla Street','48132','Rueil-Malmaison','1995-05-16','0532865310','a.beatrice@hotmail.fr','0656227873'),
  ('Poirier','Tyler','521-5665 Magna, Street','73124','Cagnes-sur-Mer','1992-01-28','0158213568','p-tyler@hotmail.fr','0723103176'),
  ('Haak','Risa','524-6354 At, St.','64155','Versailles','1993-10-01','0256782805','risa_haak762@hotmail.fr','0640367088'),
  ('Lemaire','Bevis','P.O. Box 833, 7056 Erat Av.','25747','Toulouse','1980-08-07','0472681318','l_bevis7225@google.fr','0682257783'),
  ('Van Assen','Eliana','Ap #115-3707 Orci, St.','60332','La Rochelle','1981-09-08','0223034285','v_eliana6816@hotmail.fr','0749404334'),
  ('Aarden','Yoko','5535 Natoque Ave','98456','Le Mans','1987-07-05','0531447425','yokoaarden@hotmail.fr','0646733433');
INSERT INTO client (nom,prenom,rue,cp,ville,datenaiss,telfixe,mail,mobile)
VALUES
  ('Cousineau','Odysseus','Ap #818-6838 Elementum, St.','80863','Alès','1980-04-23','0398334676','c_odysseus@google.fr','0749633768'),
  ('Van Assen','Moses','Ap #451-2934 Aliquam Road','37748','Cherbourg-Octeville','1980-10-09','0222196310','v_moses@google.fr','0787187855'),
  ('Vincent','Brittany','Ap #196-8451 Enim. Avenue','01269','Clermont-Ferrand','1984-04-01','0358651444','b-vincent3761@hotmail.fr','0637655621'),
  ('Berg','Ryder','673-7160 Aliquet Avenue','81498','Haguenau','1988-04-27','0444855524','ryder.berg@google.fr','0723394849'),
  ('Deforest','Tanya','179-5576 Et, St.','44429','Quimper','1984-06-14','0543778595','dtanya@google.fr','0653371426'),
  ('Geelen','Amal','Ap #935-3680 Ac St.','74744','Haguenau','1988-08-04','0342311467','a_geelen@hotmail.fr','0661982841'),
  ('Offermans','Cheyenne','397-7258 Vestibulum Av.','85419','Dole','1982-07-18','0537482492','o-cheyenne@hotmail.fr','0657432400'),
  ('Tremblay','Maia','604-5441 Molestie St.','77069','Brive-la-Gaillarde','1984-08-29','0464643126','t-maia@hotmail.fr','0746168261'),
  ('Peerenboom','Eaton','1871 Amet, Rd.','75711','Rennes','1991-12-14','0587791457','eaton-peerenboom3765@hotmail.fr','0718551114'),
  ('Jonker','Allistair','7444 Eu St.','45055','Saintes','1995-01-16','0361714173','ajonker3386@hotmail.fr','0669552453');
INSERT INTO client (nom,prenom,rue,cp,ville,datenaiss,telfixe,mail,mobile)
VALUES
  ('Berg','Stone','376-2297 Aliquam Rd.','60276','La Roche-sur-Yon','1989-03-27','0172610867','b-stone@google.fr','0707382653'),
  ('Brisbois','Iliana','9495 Vivamus Road','50862','Forbach','1983-11-22','0281668884','b-iliana8816@hotmail.fr','0689538334'),
  ('Segal','Kareem','P.O. Box 378, 7356 Montes, Rd.','02226','Ajaccio','1984-08-16','0303242371','kareemsegal@hotmail.fr','0619888656'),
  ('Baardwijk','Amos','1396 At, St.','52337','Auxerre','1981-10-29','0197997938','amos_baardwijk@google.fr','0758127127'),
  ('Rietveld','Amery','403-2793 Massa Road','65584','Thionville','1995-06-03','0556319433','r.amery@google.fr','0743464098'),
  ('Beaulieu','Camilla','361-6479 Proin Av.','45646','Brest','1993-08-22','0376874247','b-camilla4235@hotmail.fr','0654147826'),
  ('Offermans','Serina','2259 Sit Ave','47047','Saint-Herblain','1991-02-18','0125838209','s.offermans@hotmail.fr','0672885103'),
  ('Maes','Andrew','Ap #819-4694 Ut Ave','88426','Colomiers','1991-01-19','0500731758','a_maes6220@hotmail.fr','0610583618'),
  ('Hendrix','Stone','Ap #558-4869 Egestas. Ave','52156','Lambersart','1995-07-30','0339216837','hendrix.stone8893@hotmail.fr','0787448081'),
  ('Van Aalsburg','Steven','Ap #331-3579 Urna. Rd.','22603','Nevers','1980-10-23','0439502782','vsteven@hotmail.fr','0775768132');
INSERT INTO client (nom,prenom,rue,cp,ville,datenaiss,telfixe,mail,mobile)
VALUES
  ('Berger','Kato','327-8940 Elit Ave','25263','Besançon','1981-03-13','0356717800','k_berger745@hotmail.fr','0635544161'),
  ('Offermans','Bert','P.O. Box 252, 4509 Accumsan St.','44845','Sarreguemines','1990-08-20','0384206545','obert8163@google.fr','0765217728'),
  ('Langlais','Zachery','786-773 Dolor Rd.','08857','Dieppe','1986-10-26','0186214163','zacherylanglais@hotmail.fr','0777973714'),
  ('Travers','Sara','P.O. Box 704, 3506 Ligula. Av.','48296','Brive-la-Gaillarde','1988-11-29','0356255157','travers-sara7214@google.fr','0625887442'),
  ('Dumont','Joseph','Ap #233-7591 Sit Rd.','58957','Strasbourg','1994-06-28','0573723585','djoseph@hotmail.fr','0625654664'),
  ('Plamondon','Chastity','P.O. Box 330, 2278 Lacus Rd.','84236','Reims','1986-08-07','0297571892','chastity-plamondon@hotmail.fr','0681210547'),
  ('Tasse','Forrest','P.O. Box 516, 8265 Sit Av.','38517','Brive-la-Gaillarde','1991-09-03','0467511715','f_tasse9634@hotmail.fr','0786878328'),
  ('Vincent','Jasmine','269-2965 Donec Rd.','58997','Angoulême','1991-06-11','0289547791','v-jasmine@hotmail.fr','0743286612'),
  ('Aakster','Keaton','6955 Nisl. St.','82837','Sarreguemines','1985-11-18','0516363757','aakster-keaton@hotmail.fr','0681362708'),
  ('Maes','Jesse','233-7530 Fusce Rd.','85337','Grasse','1989-05-30','0351297436','maesjesse@hotmail.fr','0733372180');
INSERT INTO client (nom,prenom,rue,cp,ville,datenaiss,telfixe,mail,mobile)
VALUES
  ('Maes','Tatyana','P.O. Box 850, 8669 Phasellus Rd.','95726','Sotteville-lès-Rouen','1991-08-19','0460346195','mtatyana@hotmail.fr','0785456842'),
  ('Gagneux','Winter','Ap #178-2954 Ultricies St.','32370','Rueil-Malmaison','1980-07-20','0381213156','g-winter1146@google.fr','0628018875'),
  ('Lane','Kyle','554-7460 Curabitur Rd.','06804','Illkirch-Graffenstaden','1987-01-31','0496357725','l_kyle@google.fr','0613982656'),
  ('Boivin','Kellie','Ap #786-3923 A, Av.','84307','Brive-la-Gaillarde','1994-11-14','0353674966','kellie_boivin@google.fr','0676531292'),
  ('Spijker','Keaton','Ap #376-1970 Nunc Rd.','82944','Châteauroux','1990-02-27','0342244333','s-keaton@google.fr','0762876890'),
  ('Vincent','Cassandra','Ap #755-908 Vitae Street','61028','Amiens','1991-06-23','0251873383','v_cassandra@google.fr','0712636488'),
  ('Bakhuizen','Guy','Ap #936-3591 Dui. Rd.','88611','Strasbourg','1985-01-10','0248248793','g_bakhuizen5948@google.fr','0620450856'),
  ('Achthoven','Jamal','172-280 Cubilia Rd.','11522','Tours','1988-09-23','0525338183','jamalachthoven@hotmail.fr','0675386856'),
  ('Van Alphen','Cleo','Ap #961-895 Eu Ave','71011','Tournefeuille','1985-06-25','0559235143','cleovanalphen9260@google.fr','0612868312'),
  ('Tremblay','Victoria','172 Cursus Av.','68488','Mâcon','1993-07-02','0562348359','victoriatremblay3512@hotmail.fr','0734863913');
INSERT INTO client (nom,prenom,rue,cp,ville,datenaiss,telfixe,mail,mobile)
VALUES
  ('Bakhuizen','Emi','P.O. Box 324, 8062 Neque Ave','12833','Lanester','1984-01-30','0307158648','ebakhuizen989@google.fr','0667231248'),
  ('Gagneux','Xanthus','Ap #941-5088 Ut Rd.','82504','Rodez','1985-03-31','0532633625','gagneux_xanthus@google.fr','0655965299'),
  ('Smet','Joan','868-1179 Lobortis Ave','25513','Montreuil','1983-07-14','0461248142','smet_joan876@hotmail.fr','0754831276'),
  ('Garcon','Walter','424-8378 Vulputate, St.','05284','Vichy','1989-04-06','0428564146','garconwalter@google.fr','0703457748'),
  ('Tasse','Renee','P.O. Box 753, 9329 Non St.','47808','Reims','1990-02-06','0334213944','rtasse@hotmail.fr','0654425335'),
  ('Aaldenberg','Wynne','430-7249 Luctus Road','04800','Saint-Nazaire','1985-10-30','0126258680','awynne@google.fr','0675215774'),
  ('Aakster','Norman','938-5886 A, Road','39586','Montpellier','1986-01-19','0583272165','n-aakster@google.fr','0612758373'),
  ('Dam','Riley','Ap #565-4735 Praesent Street','66455','Orvault','1992-03-18','0216819323','riley-dam791@hotmail.fr','0617332981'),
  ('Van Assen','Paula','4391 Nec Rd.','26445','Ajaccio','1986-10-06','0567714614','pvanassen9140@hotmail.fr','0742153253'),
  ('Maes','Barclay','Ap #298-9942 Tempus, St.','71873','Istres','1989-12-09','0321977735','barclaymaes@google.fr','0740944767');
INSERT INTO client (nom,prenom,rue,cp,ville,datenaiss,telfixe,mail,mobile)
VALUES
  ('Villenueve','Sacha','611-331 Dui, Avenue','47492','Dole','1995-10-08','0566431213','sacha-villenueve@hotmail.fr','0670773655'),
  ('Van Der Aart','Lynn','Ap #836-370 Urna. Street','81654','Orléans','1995-07-15','0516847396','v_lynn7786@hotmail.fr','0614655435'),
  ('Ter Avest','Simone','Ap #460-6944 Non, Street','95442','Illkirch-Graffenstaden','1984-04-29','0176349517','simone_teravest404@google.fr','0738776633'),
  ('De Witte','Felix','1585 Amet Street','72311','Besançon','1984-09-23','0414738405','d-felix3591@hotmail.fr','0666321782'),
  ('Lemaire','Juliet','184-6339 Quam. Street','81871','Hérouville-Saint-Clair','1988-03-26','0217672771','julietlemaire@google.fr','0763875275'),
  ('Rademaker','Amelia','Ap #266-6264 Proin St.','55482','Saint-Brieuc','1989-02-27','0470884311','ameliarademaker1147@hotmail.fr','0688305420'),
  ('Bezuindenhout','Myles','387-3425 Tortor Avenue','78832','La Seyne-sur-Mer','1994-06-08','0227335361','b_myles7252@hotmail.fr','0786247415'),
  ('Romeijnders','Vladimir','977-8707 A Street','65686','Strasbourg','1990-05-27','0108114911','r_vladimir4024@google.fr','0760670784'),
  ('Lane','Zeph','601-2132 Velit. Rd.','78388','Limoges','1986-11-10','0235866440','l_zeph@google.fr','0643426228'),
  ('Peerenboom','Maya','8022 Ullamcorper, Avenue','62222','Hyères','1990-04-07','0517528379','pmaya3581@google.fr','0634972628');
INSERT INTO client (nom,prenom,rue,cp,ville,datenaiss,telfixe,mail,mobile)
VALUES
  ('Rademaker','Merrill','352-719 Natoque Street','51386','Belfort','1981-06-01','0450508457','r-merrill8490@hotmail.fr','0721599813'),
  ('Van Assen','George','Ap #757-1951 Enim St.','90668','Perpignan','1982-05-20','0186783861','v-george9918@google.fr','0695831552'),
  ('Prinsen','Willa','Ap #475-7927 Eget St.','65969','Saint-Brieuc','1986-06-05','0131956756','willa.prinsen@google.fr','0684346348'),
  ('Blanc','Nicole','314-9407 Dictum Rd.','27325','Brive-la-Gaillarde','1995-06-10','0125870089','b.nicole1628@google.fr','0721903619'),
  ('Smet','Galvin','Ap #807-5948 Blandit Ave','93648','Angoulême','1983-04-19','0545139173','galvin-smet4918@google.fr','0621452862'),
  ('Chevalier','Amber','377-1365 Eu, Street','35881','Niort','1986-05-07','0194697486','c_amber2592@google.fr','0752210820'),
  ('Aakster','Karyn','Ap #154-7725 Tellus St.','44626','Agen','1983-11-01','0554963587','kaakster@hotmail.fr','0626164191'),
  ('De Witte','Moses','Ap #902-4194 Eget Ave','52050','Haguenau','1993-06-12','0274224391','dmoses5063@google.fr','0659571493'),
  ('Ter Avest','Abraham','P.O. Box 852, 702 Ligula Avenue','24438','Évreux','1992-08-01','0310846651','abraham-teravest@hotmail.fr','0785744191'),
  ('Poirier','Kim','416-396 Cum Av.','36483','Saint-Louis','1984-02-06','0244969349','kim-poirier@hotmail.fr','0650296347');
INSERT INTO client (nom,prenom,rue,cp,ville,datenaiss,telfixe,mail,mobile)
VALUES
  ('Tremble','Signe','604-4823 Quis, Rd.','39747','Ajaccio','1984-05-16','0143651725','t.signe2209@google.fr','0665627869'),
  ('Petit','Bethany','Ap #573-9313 Pede Street','61472','Périgueux','1995-10-26','0241716584','bethany-petit@hotmail.fr','0746193266'),
  ('Neuville','Quinn','215-1614 Morbi Av.','07422','Caen','1988-04-07','0340195022','quinnneuville9360@hotmail.fr','0631176693'),
  ('Poirier','Tatyana','345-2155 Nisl St.','69776','Talence','1994-12-01','0147056035','tatyana_poirier@hotmail.fr','0785743161'),
  ('Beauchene','Hasad','Ap #403-2729 Sed Avenue','85747','Rodez','1985-02-11','0213363423','b-hasad480@google.fr','0747071838'),
  ('Marchand','Ima','874-6884 Purus Rd.','74307','Orléans','1991-07-12','0510042352','ima.marchand@google.fr','0652713157'),
  ('Cruyssen','Quinlan','Ap #338-1372 Duis Road','10457','Lisieux','1986-02-27','0451251813','c_quinlan@hotmail.fr','0624312393'),
  ('Bakhuizen','Brock','Ap #376-6991 Morbi Av.','29247','Lunel','1986-03-09','0258502510','b-bakhuizen2489@google.fr','0752614551'),
  ('Prinsen','Renee','Ap #969-5952 Egestas Ave','17492','Sarreguemines','1995-09-02','0375926307','renee-prinsen@google.fr','0772188286'),
  ('Kappel','Alyssa','P.O. Box 229, 7501 Felis Rd.','22552','Bègles','1982-09-20','0546373939','kappel.alyssa@hotmail.fr','0726388593');
INSERT INTO client (nom,prenom,rue,cp,ville,datenaiss,telfixe,mail,mobile)
VALUES
  ('Travers','Elaine','Ap #379-8478 Odio Rd.','74718','Montluçon','1982-01-19','0352733334','t.elaine@google.fr','0653128378'),
  ('Van Der Aart','Alvin','335-1324 Tellus Rd.','83706','Dieppe','1991-06-20','0378580604','alvinvanderaart@google.fr','0647901929'),
  ('Van Assen','Giselle','Ap #560-3116 Pharetra Road','97986','Limoges','1995-11-17','0417268456','v.giselle@google.fr','0727436527'),
  ('Cruyssen','Demetrius','998-3213 Ultrices Avenue','21372','Amiens','1980-05-05','0412611126','c-demetrius@hotmail.fr','0611419754'),
  ('Kloet','Calvin','435-717 Eu St.','75370','Montpellier','1985-12-21','0487188828','k_calvin@google.fr','0761816725'),
  ('Prinsen','Halee','556-3897 Convallis Rd.','65322','Lorient','1990-05-03','0455659703','p.halee1566@google.fr','0732157497'),
  ('Van Der Aart','Judith','9738 Non, Rd.','46763','Orléans','1988-05-12','0357273828','v-judith2559@hotmail.fr','0788674553'),
  ('Rademaker','Ivan','Ap #798-2342 Nam Road','66995','Nevers','1980-04-11','0296536348','i-rademaker3161@google.fr','0793851894'),
  ('Maes','Nero','P.O. Box 433, 4949 Nunc Rd.','92181','Montbéliard','1985-10-19','0108724958','n-maes9971@google.fr','0628858872'),
  ('Archambault','Clare','611-9441 Nunc Street','61546','Saint-Dizier','1990-04-19','0106383778','clare_archambault4714@google.fr','0668714143');
INSERT INTO client (nom,prenom,rue,cp,ville,datenaiss,telfixe,mail,mobile)
VALUES
  ('Fontaine','Aaron','Ap #458-5930 Libero Av.','44796','Boulogne-sur-Mer','1989-09-01','0338951514','fontaineaaron@google.fr','0745874724'),
  ('Plourde','Yael','Ap #444-8145 Pede, Road','64081','Dijon','1992-11-25','0433671631','p.yael@google.fr','0714027772'),
  ('Koopman','Ivy','P.O. Box 520, 1281 Vel, Avenue','22048','Nîmes','1982-06-04','0121806523','ivy.koopman@google.fr','0774654325'),
  ('Koopman','Nehru','P.O. Box 871, 2815 Dictum. Rd.','18340','Bastia','1988-01-31','0585478691','nehru_koopman9086@hotmail.fr','0631233884'),
  ('Lemaire','Fatima','Ap #602-3394 Feugiat Road','84637','Le Grand-Quevilly','1982-12-26','0327717619','lemairefatima643@google.fr','0715433228'),
  ('Lachapelle','Lilah','P.O. Box 171, 7716 Mauris. Street','52276','Saintes','1988-04-02','0198653188','l-lilah@google.fr','0724731616'),
  ('Plamondon','Odessa','4702 A, Rd.','01646','Brive-la-Gaillarde','1981-07-03','0360072481','odessaplamondon1843@google.fr','0630452085'),
  ('Van Der Aart','Arthur','P.O. Box 878, 1775 Leo. Av.','84109','Troyes','1982-01-09','0387656560','a-vanderaart6088@hotmail.fr','0765768236'),
  ('Monet','Clayton','Ap #920-727 Lorem, Street','86692','Toulouse','1991-03-27','0545531814','claytonmonet@google.fr','0637994195'),
  ('Jonker','Jermaine','604-6234 Nullam Av.','29557','Saint-Louis','1993-02-23','0544674646','j_jermaine1960@hotmail.fr','0653323257');
INSERT INTO client (nom,prenom,rue,cp,ville,datenaiss,telfixe,mail,mobile)
VALUES
  ('Leroux','Dawn','309-2112 Nunc Rd.','67637','Vichy','1994-01-01','0154610612','leroux_dawn@google.fr','0683223332'),
  ('Proulx','Giacomo','Ap #719-5007 Amet St.','21276','Saint-Herblain','1984-04-29','0364126064','g.proulx@hotmail.fr','0772717812'),
  ('Plamondon','Darrel','538-7797 Ipsum Av.','12756','Sens','1991-12-26','0109974760','darrel.plamondon@google.fr','0647446948'),
  ('Haak','Herman','343-7381 Aliquam Rd.','88137','Paris','1986-08-20','0573867212','h_herman3598@google.fr','0726224143'),
  ('Koopman','Wyoming','Ap #217-5994 Tincidunt Ave','69469','Colomiers','1991-01-07','0215278567','w_koopman@hotmail.fr','0705218405'),
  ('Borde','Cheyenne','371-5543 Cum Ave','55048','Sarreguemines','1994-09-02','0382665308','b.cheyenne5924@google.fr','0793526253'),
  ('Borde','Ivory','P.O. Box 172, 3063 Sed Av.','63501','Aubervilliers','1985-05-24','0450848913','i_borde4015@google.fr','0679831391'),
  ('Van Alphen','Jin','610-5177 Ipsum Avenue','36371','Beauvais','1982-12-01','0377773851','jin.vanalphen@hotmail.fr','0753151517'),
  ('Spijker','Palmer','Ap #584-6633 Mauris, Street','96861','Toulon','1980-09-03','0320871256','s_palmer7993@google.fr','0620503281'),
  ('Berg','David','P.O. Box 507, 6823 Tristique Avenue','36407','Hérouville-Saint-Clair','1981-08-28','0353105457','b-david708@hotmail.fr','0677102108');
INSERT INTO client (nom,prenom,rue,cp,ville,datenaiss,telfixe,mail,mobile)
VALUES
  ('Geelen','Neville','922-3470 Scelerisque, Street','60184','Soissons','1983-10-12','0561469870','nevillegeelen153@google.fr','0686452363'),
  ('De Witte','Simone','5078 Arcu. St.','69251','Le Puy-en-Velay','1994-06-15','0356285245','dewitte-simone@google.fr','0629784409'),
  ('Ter Avest','Gisela','P.O. Box 318, 8725 Per Ave','38578','Colombes','1988-01-25','0518515791','gisela_teravest@hotmail.fr','0726538385'),
  ('Hoedemaker','Macy','Ap #221-7219 Purus Rd.','36506','Saintes','1980-12-18','0147488351','macy.hoedemaker7954@hotmail.fr','0775594383'),
  ('Jonker','Lucas','P.O. Box 537, 8924 Quisque Av.','17647','Douai','1984-06-20','0149762371','jonkerlucas1544@hotmail.fr','0763164487'),
  ('Achterberg','Brian','1454 Ac Rd.','77244','Dunkerque','1983-03-19','0558548837','achterberg.brian6809@google.fr','0724869691'),
  ('Lane','Evelyn','910-8441 Libero. Av.','24926','Calais','1981-11-23','0164567521','evelyn_lane@hotmail.fr','0717475121'),
  ('Hoedemaker','Wesley','989-6011 Egestas St.','41676','Montluçon','1981-12-20','0165854567','h.wesley1572@google.fr','0665376251'),
  ('Romeijnders','Sybill','403 Ipsum. St.','02658','Montreuil','1981-03-20','0486157657','sybill.romeijnders4375@google.fr','0783553681'),
  ('Beauchene','Hall','616-8497 Tellus Rd.','20181','Brive-la-Gaillarde','1985-12-09','0443276305','hbeauchene@hotmail.fr','0768553086');
INSERT INTO client (nom,prenom,rue,cp,ville,datenaiss,telfixe,mail,mobile)
VALUES
  ('Chaput','Ivana','Ap #379-3258 Sodales Street','37887','Hérouville-Saint-Clair','1994-04-21','0178281182','c.ivana2238@google.fr','0774862679'),
  ('Aaldenberg','Eagan','Ap #197-2997 Est Rd.','85931','Dijon','1987-03-01','0219486768','eaganaaldenberg4881@google.fr','0646957648'),
  ('Lachapelle','Tasha','132-3892 Lobortis, Av.','53246','Bastia','1990-07-14','0387475814','l_tasha9405@hotmail.fr','0658750851'),
  ('Berger','Clinton','567-7309 Nulla Street','71805','Amiens','1991-04-11','0270138383','clinton-berger8545@hotmail.fr','0716194864'),
  ('Gagneux','Nora','Ap #808-8331 Nonummy Rd.','28414','Lunel','1989-07-20','0246863153','nora_gagneux@hotmail.fr','0672939914'),
  ('Van Assen','Leilani','P.O. Box 601, 7957 Integer Rd.','21162','Perpignan','1982-09-19','0542686815','v_leilani@google.fr','0662063243'),
  ('Klein','Rhoda','830-6313 Quisque Ave','12864','Forbach','1986-09-23','0276816636','k.rhoda@google.fr','0643534959'),
  ('Mertens','Ruth','5621 Arcu. Rd.','24325','Blois','1984-11-16','0125379276','ruth-mertens6285@google.fr','0647361740'),
  ('Smet','Sawyer','212-8991 Placerat. St.','81835','Roubaix','1988-04-03','0134786216','s_sawyer7701@google.fr','0625606083'),
  ('Achterberg','Quail','Ap #279-2337 Proin Avenue','16845','Talence','1995-11-09','0587042889','achterbergquail3685@hotmail.fr','0626428343');
INSERT INTO client (nom,prenom,rue,cp,ville,datenaiss,telfixe,mail,mobile)
VALUES
  ('Segal','Margaret','110-3491 Non, Rd.','61601','Alençon','1995-09-05','0107720476','s-margaret7968@hotmail.fr','0718559088'),
  ('Holt','Vaughan','P.O. Box 701, 8589 Ac Road','24464','Aurillac','1993-07-21','0161210016','vaughan-holt@hotmail.fr','0615151645'),
  ('Neuville','Uriel','351-8368 Amet Ave','86282','Chalon-sur-Saône','1992-01-29','0252413574','nuriel@google.fr','0631779203'),
  ('Brisbois','Zachary','3186 Cursus Road','71348','Orléans','1981-07-19','0323565575','b-zachary1906@google.fr','0734847576'),
  ('Ter Avest','Jolie','142-4241 Augue Rd.','55753','Vernon','1988-04-26','0295211398','teravest.jolie@google.fr','0785363286'),
  ('Elzinga','Kelsey','P.O. Box 888, 6677 Mi St.','74284','Arles','1994-02-17','0328186424','e.kelsey6735@hotmail.fr','0613438412'),
  ('Chastain','Matthew','990-2162 Nisi Rd.','25232','Tourcoing','1983-01-17','0376531293','m-chastain7814@hotmail.fr','0627688523'),
  ('Van Alphen','Jakeem','Ap #956-4355 Fusce St.','07127','Quimper','1994-12-12','0516386182','vanalphen_jakeem3446@hotmail.fr','0797872241'),
  ('Hoedemaker','Brody','P.O. Box 375, 7909 Mus. Road','60292','Ajaccio','1983-11-30','0151184253','brody-hoedemaker6591@google.fr','0792418865'),
  ('Chaput','Joshua','Ap #785-6263 Fermentum Ave','54214','Creil','1983-01-17','0346302386','c_joshua617@hotmail.fr','0766186645');
INSERT INTO client (nom,prenom,rue,cp,ville,datenaiss,telfixe,mail,mobile)
VALUES
  ('Beaulieu','Thomas','8507 Suspendisse Ave','56659','Boulogne-Billancourt','1994-01-03','0502783322','beaulieu.thomas9077@google.fr','0735496720'),
  ('Deforest','Hedwig','7385 Eget Av.','42140','Saintes','1991-05-17','0323544283','deforest_hedwig@hotmail.fr','0718631484'),
  ('Chaput','Desirae','4887 Libero Ave','21039','Colmar','1989-07-31','0263012814','dchaput3806@google.fr','0638428749'),
  ('Baardwijk','Adrian','5787 Pede Rd.','64833','Chalon-sur-Saône','1982-01-01','0526765047','badrian@hotmail.fr','0719152977'),
  ('Aarden','Jaden','Ap #418-6915 Fusce Avenue','81272','Aurillac','1983-01-13','0473438956','aarden.jaden8309@hotmail.fr','0721866383'),
  ('Berg','Abbot','Ap #579-2816 Magna Rd.','73818','Montluçon','1987-06-06','0561626638','aberg@google.fr','0762837647'),
  ('Tremble','Bianca','8699 Euismod Rd.','18654','Brive-la-Gaillarde','1987-10-25','0451243117','tremble_bianca8389@google.fr','0765417788'),
  ('Mertens','Keith','776-8523 Nulla Rd.','88384','Castres','1984-11-27','0496430810','m.keith@google.fr','0784402359'),
  ('Prinsen','Ivan','5974 Luctus Rd.','45876','Dijon','1987-05-01','0524863311','p.ivan@google.fr','0723483146'),
  ('Roggeveen','Zeus','555-1762 Donec Road','22206','Alençon','1986-02-13','0229073268','zeus-roggeveen@google.fr','0630221438');
INSERT INTO client (nom,prenom,rue,cp,ville,datenaiss,telfixe,mail,mobile)
VALUES
  ('Rademaker','Charity','344-9702 Turpis Rd.','94230','Brive-la-Gaillarde','1992-08-22','0143116844','r.charity8866@google.fr','0644136574'),
  ('Berger','Fritz','934-2411 Interdum St.','75698','Saint-Lô','1986-05-13','0451419657','fritz.berger9493@google.fr','0656155612'),
  ('Hoedemaker','Tarik','P.O. Box 296, 1640 Dictum Rd.','45234','Reims','1986-01-22','0537245171','htarik@hotmail.fr','0682255443'),
  ('Beauchene','Yasir','560-8179 Sagittis Rd.','95918','Orléans','1983-09-22','0443672885','b-yasir@hotmail.fr','0611319323'),
  ('Van Assen','Morgan','6298 Rhoncus Ave','66168','Castres','1983-08-16','0411234409','vanassen_morgan6236@hotmail.fr','0761663492'),
  ('Geelen','Nell','Ap #411-4941 Aliquet Rd.','15217','Drancy','1994-09-15','0298425636','g.nell4344@hotmail.fr','0716605807'),
  ('Tailler','Rama','401-8549 Arcu. Road','76632','Compiègne','1984-08-03','0329079433','ramatailler@google.fr','0631600900'),
  ('Elzinga','Magee','603-6334 Ultricies Road','45757','Tournefeuille','1983-04-17','0522818007','elzinga_magee@google.fr','0774128406'),
  ('Bakhuizen','Noelani','P.O. Box 270, 2175 Ornare. Street','83812','Belfort','1988-11-09','0232882736','bakhuizen_noelani14@hotmail.fr','0627234536'),
  ('Aaldenberg','Jael','2501 Mauris Rd.','73564','Le Mans','1986-02-08','0233156933','j_aaldenberg8970@google.fr','0751653779');
INSERT INTO client (nom,prenom,rue,cp,ville,datenaiss,telfixe,mail,mobile)
VALUES
  ('Tremblay','Kiona','4052 Tortor. St.','74618','Brive-la-Gaillarde','1991-01-14','0342546627','kiona.tremblay6571@google.fr','0656829728'),
  ('Romeijnders','Vera','P.O. Box 428, 9295 Penatibus St.','64451','Vannes','1987-07-09','0211137461','romeijnders-vera@google.fr','0755017997'),
  ('Ter Avest','Stephanie','111-9963 Auctor, Street','71182','Reims','1984-04-22','0373843961','s-teravest7985@google.fr','0678458213'),
  ('Garcon','Ahmed','223-4180 Dictum Road','54086','Martigues','1986-02-22','0479827749','ahmed.garcon5802@google.fr','0758403872'),
  ('Cloutier','Sean','Ap #121-6867 Lobortis Avenue','78021','Saint-Médard-en-Jalles','1993-08-13','0589375122','sean-cloutier6206@google.fr','0606593139'),
  ('Brisbois','Ivan','P.O. Box 883, 9376 Dui Road','64737','Brive-la-Gaillarde','1985-11-14','0337084625','ivan.brisbois@google.fr','0677731187'),
  ('Victor','Zephania','447-9965 Sed Ave','65119','Charleville-Mézières','1987-08-02','0365397172','zephaniavictor@hotmail.fr','0762329784'),
  ('Jonker','Nehru','P.O. Box 588, 3145 Amet, Rd.','88715','Caen','1981-11-17','0513322384','nehru.jonker@google.fr','0679332431'),
  ('Rademaker','Lawrence','3386 Fermentum St.','40021','Talence','1983-03-17','0310235857','l.rademaker@google.fr','0673245718'),
  ('Aakster','Anika','336-3212 Neque St.','52332','Calais','1994-06-22','0250581221','anikaaakster8273@google.fr','0641676437');
INSERT INTO client (nom,prenom,rue,cp,ville,datenaiss,telfixe,mail,mobile)
VALUES
  ('Aakster','Daniel','936-4878 Morbi Av.','90234','Lorient','1990-02-20','0505663712','adaniel2738@google.fr','0645741440'),
  ('Romeijnders','Jarrod','223-3370 Velit. Road','32261','Liévin','1981-03-09','0431247594','jarrod.romeijnders@google.fr','0642235199'),
  ('De Witte','Olga','7020 Morbi Rd.','53526','Montbéliard','1991-01-16','0577770863','dewitte_olga@hotmail.fr','0791457765'),
  ('De Witte','Kelly','Ap #483-2071 Aliquam St.','32424','Saint-Dizier','1990-08-12','0431432213','d-kelly7758@google.fr','0735492920'),
  ('Spijker','Declan','6237 Odio St.','22385','Vannes','1988-03-12','0381802866','s-declan@hotmail.fr','0715771722'),
  ('Mertens','Myra','1306 Libero Road','11334','Hérouville-Saint-Clair','1991-11-13','0451837657','mertensmyra1274@google.fr','0671549867'),
  ('Monet','Irene','P.O. Box 873, 9432 Ligula. Avenue','13566','Bastia','1993-01-26','0595512576','m.irene8241@hotmail.fr','0752848443'),
  ('Haanraads','Lacy','244-4645 Nunc St.','67193','Besançon','1993-07-03','0391731646','lhaanraads3388@hotmail.fr','0764530417'),
  ('Chastain','Arden','468-7974 Vulputate Avenue','51102','Clermont-Ferrand','1980-11-15','0506738884','chastain.arden@google.fr','0615337448'),
  ('Berg','Angela','495-7617 Sem St.','13749','Rodez','1981-09-16','0183151583','aberg@hotmail.fr','0782454578');
INSERT INTO client (nom,prenom,rue,cp,ville,datenaiss,telfixe,mail,mobile)
VALUES
  ('Dumont','Zane','Ap #613-7504 Nec Avenue','56171','Pau','1988-04-16','0285977452','dumont.zane@google.fr','0613953366'),
  ('Marchand','Kane','4002 Luctus Av.','10538','Vannes','1987-04-20','0384121583','marchandkane6118@google.fr','0766383623'),
  ('Hagen','Montana','286-5213 Orci, Rd.','38543','Auxerre','1995-08-13','0343663684','m-hagen8614@hotmail.fr','0644206538'),
  ('Garcon','Denise','740-8565 Donec Rd.','76692','Belfort','1991-12-20','0324728180','d-garcon2289@google.fr','0687682582'),
  ('Garcon','Grady','953-5848 Tellus Street','14814','Albi','1991-04-15','0505637256','g.grady@hotmail.fr','0724169233'),
  ('Haak','Odessa','938-7157 Posuere Street','64685','Mâcon','1985-03-10','0504264024','h_odessa3336@hotmail.fr','0659798309'),
  ('Berger','Nora','P.O. Box 993, 1289 Nullam Ave','87818','Châtellerault','1991-06-24','0212811127','bnora@google.fr','0618435583'),
  ('Deforest','Brett','Ap #766-6063 Tempor Street','68171','Épinal','1987-03-19','0103447253','b_deforest@hotmail.fr','0633563470'),
  ('Leroux','Barbara','709-9173 Id, Rd.','98396','Le Havre','1992-01-23','0452663212','bleroux86@hotmail.fr','0678455329'),
  ('Roggeveen','Todd','838-2543 Arcu Rd.','90278','Bastia','1995-11-09','0140288553','todd-roggeveen7430@hotmail.fr','0748446955');
INSERT INTO client (nom,prenom,rue,cp,ville,datenaiss,telfixe,mail,mobile)
VALUES
  ('Jonker','Sonya','Ap #218-446 Tincidunt, Av.','41329','Limoges','1980-12-12','0223489970','j_sonya1166@hotmail.fr','0744249249'),
  ('Maes','Hayes','P.O. Box 279, 2409 Feugiat Av.','42821','Nice','1980-11-30','0244565923','hayes.maes@google.fr','0637359111'),
  ('Haanraads','Benedict','5591 A, St.','63611','Moulins','1994-08-12','0176145912','h-benedict@google.fr','0798947536'),
  ('Vincent','Theodore','P.O. Box 232, 1650 Molestie Road','48617','Alençon','1987-05-06','0233362636','theodorevincent@hotmail.fr','0634397529'),
  ('Lachapelle','Shoshana','P.O. Box 109, 3834 Aliquet Rd.','43781','Saint-Louis','1993-05-17','0423587756','l.shoshana@google.fr','0711964696'),
  ('Geelen','Wyatt','Ap #778-6470 Morbi Ave','21927','Lille','1993-09-23','0323483460','w-geelen@hotmail.fr','0643098472'),
  ('Aarle','Lester','568-9604 Non Ave','18578','Versailles','1986-12-22','0521583235','alester@google.fr','0638859574'),
  ('Neuville','Marah','2983 Nunc, Avenue','25374','Dijon','1980-06-14','0361439607','nmarah@google.fr','0678472471'),
  ('Hagen','Hunter','276-9004 Nisl. St.','36498','Niort','1987-11-11','0343711115','h_hunter@hotmail.fr','0688632235'),
  ('Borde','Irene','431-3610 Vel Avenue','83829','Le Puy-en-Velay','1981-03-05','0227339212','borde.irene@google.fr','0657446525');


/*==============================================================*/
/* Table : CONDITIONSMETEO							*/
/*==============================================================*/
INSERT INTO CONDITIONSMETEO (IDMETEO, METEO) VALUES (1, 'Beau temps');
INSERT INTO CONDITIONSMETEO (IDMETEO, METEO) VALUES (2, 'Nuageux');
INSERT INTO CONDITIONSMETEO (IDMETEO, METEO) VALUES (3, 'Pluie/neige');


/*==============================================================*/
/* Table : SOMMET                                               */
/*==============================================================*/
INSERT INTO SOMMET(numsommet, nomsommet, altitude) VALUES (1, 'Aiguille des Calvaires', 2322);
INSERT INTO SOMMET(numsommet, nomsommet, altitude) VALUES (2, 'Col de Balme', 2481);
INSERT INTO SOMMET(numsommet, nomsommet, altitude) VALUES (3, 'Tête Pelouse', 2537);
INSERT INTO SOMMET(numsommet, nomsommet, altitude) VALUES (4, 'Passage du Père', 2377);
INSERT INTO SOMMET(numsommet, nomsommet, altitude) VALUES (5, 'Trou de la Mouche', 2453);
INSERT INTO SOMMET(numsommet, nomsommet, altitude) VALUES (6, 'Ambrevetta', 2463);
INSERT INTO SOMMET(numsommet, nomsommet, altitude) VALUES (7, 'Col des Verts', 2595);
INSERT INTO SOMMET(numsommet, nomsommet, altitude) VALUES (8, 'Montagnes de Sulens', 1839);
INSERT INTO SOMMET(numsommet, nomsommet, altitude) VALUES (9, 'Pointe de Mandallaz', 2277);
INSERT INTO SOMMET(numsommet, nomsommet, altitude) VALUES (10, 'Col des Porthets', 2175);
INSERT INTO SOMMET(numsommet, nomsommet, altitude) VALUES (11, 'Pointes Sud de la Blonnière', 2369);
INSERT INTO SOMMET(numsommet, nomsommet, altitude) VALUES (13, 'Tour du Jallouvre', 2250);
INSERT INTO SOMMET(numsommet, nomsommet, altitude) VALUES (14, 'Col de Balafrasse', 2253);
INSERT INTO SOMMET(numsommet, nomsommet, altitude) VALUES (16, 'Tournette', 2351);
INSERT INTO SOMMET(numsommet, nomsommet, altitude) VALUES (17, 'Pointe de Chaurionde', 2173);
INSERT INTO SOMMET(numsommet, nomsommet, altitude) VALUES (19, 'Les 3 cols', 3323);
INSERT INTO SOMMET(numsommet, nomsommet, altitude) VALUES (20, 'Chamechaude', 2082);
INSERT INTO SOMMET(numsommet, nomsommet, altitude) VALUES (22, 'Croix de Chamrousse', 2248);
INSERT INTO SOMMET(numsommet, nomsommet, altitude) VALUES (23, 'Grand Sorbier', 2536);
INSERT INTO SOMMET(numsommet, nomsommet, altitude) VALUES (24, 'Porte des Aravis', 2390);
INSERT INTO SOMMET(numsommet, nomsommet, altitude) VALUES (25, 'Cîme de la Jasse', 2478);
INSERT INTO SOMMET(numsommet, nomsommet, altitude) VALUES (27, 'Dent du Pra', 2623);
INSERT INTO SOMMET(numsommet, nomsommet, altitude) VALUES (28, 'Grand Arc', 2484);
INSERT INTO SOMMET(numsommet, nomsommet, altitude) VALUES (29, 'Pointe de la Carmélite', 2477);
INSERT INTO SOMMET(numsommet, nomsommet, altitude) VALUES (30, 'Aiguille de Péclet', 3561);
INSERT INTO SOMMET(numsommet, nomsommet, altitude) VALUES (31, 'Col de Thorens', 3114);
INSERT INTO SOMMET(numsommet, nomsommet, altitude) VALUES (32, 'De fond en combes', 2453);
INSERT INTO SOMMET(numsommet, nomsommet, altitude) VALUES (33, 'Pointe du Midi', 2364);
INSERT INTO SOMMET(numsommet, nomsommet, altitude) VALUES (34, 'Légette du Mirantin', 2353);
INSERT INTO SOMMET(numsommet, nomsommet, altitude) VALUES (35, 'Col de Tulle', 1920);
INSERT INTO SOMMET(numsommet, nomsommet, altitude) VALUES (36, 'Etale - Coillu à Bordel', 2080);
INSERT INTO SOMMET(numsommet, nomsommet, altitude) VALUES (37, 'Col de Châtillon', 1681);
INSERT INTO SOMMET(numsommet, nomsommet, altitude) VALUES (38, 'Roc des Arces', 1772);
INSERT INTO SOMMET(numsommet, nomsommet, altitude) VALUES (39, 'Iwaniacka Przelecz', 1459);
INSERT INTO SOMMET(numsommet, nomsommet, altitude) VALUES (40, 'Grzes', 1653);
INSERT INTO SOMMET(numsommet, nomsommet, altitude) VALUES (41, 'Kominiarska Przelecz', 1148);
INSERT INTO SOMMET(numsommet, nomsommet, altitude) VALUES (42, 'Nosalowa Przelecz', 1560);
INSERT INTO SOMMET(numsommet, nomsommet, altitude) VALUES (43, 'Hala Kondratowa', 1986);
INSERT INTO SOMMET(numsommet, nomsommet, altitude) VALUES (44, 'Sarnia Skala', 1376);
INSERT INTO SOMMET(numsommet, nomsommet, altitude) VALUES (45, 'Strahlhorn', 4190);
INSERT INTO SOMMET(numsommet, nomsommet, altitude) VALUES (46, 'Alphubel', 4206);
INSERT INTO SOMMET(numsommet, nomsommet, altitude) VALUES (47, 'Volcans Chillan', 3186);
INSERT INTO SOMMET(numsommet, nomsommet, altitude) VALUES (48, 'Volcan Antuco', 2985);
INSERT INTO SOMMET(numsommet, nomsommet, altitude) VALUES (49, 'Volcan Lonquimay', 2865);
INSERT INTO SOMMET(numsommet, nomsommet, altitude) VALUES (50, 'Volcan Llaima', 3125);
INSERT INTO SOMMET(numsommet, nomsommet, altitude) VALUES (51, 'Volcan Villarica', 2847);
INSERT INTO SOMMET(numsommet, nomsommet, altitude) VALUES (52, 'Volcan Casablanca', 1990);
INSERT INTO SOMMET(numsommet, nomsommet, altitude) VALUES (53, 'Roc des Tours', 1994);
INSERT INTO SOMMET(numsommet, nomsommet, altitude) VALUES (54, 'Croise Baulet', 2236);
INSERT INTO SOMMET(numsommet, nomsommet, altitude) VALUES (55, 'Tour du Passage du Père', 2453);
INSERT INTO SOMMET(numsommet, nomsommet, altitude) VALUES (56, 'Croix d''Almet', 2223);
INSERT INTO SOMMET(numsommet, nomsommet, altitude) VALUES (57, 'Mont Lachat de Châtillon', 2050);
INSERT INTO SOMMET(numsommet, nomsommet, altitude) VALUES (58, 'Col d''Argentière', 3552);
INSERT INTO SOMMET(numsommet, nomsommet, altitude) VALUES (60, 'Saeterelvintinden', 972);
INSERT INTO SOMMET(numsommet, nomsommet, altitude) VALUES (61, 'Trolltinden', 850);
INSERT INTO SOMMET(numsommet, nomsommet, altitude) VALUES (62, 'Storsandnestinden', 1097);
INSERT INTO SOMMET(numsommet, nomsommet, altitude) VALUES (63, 'Üloytinden', 1113);
INSERT INTO SOMMET(numsommet, nomsommet, altitude) VALUES (64, 'Storgalten', 1219);
INSERT INTO SOMMET(numsommet, nomsommet, altitude) VALUES (65, 'Point 992m sur Soltindan', 992);
INSERT INTO SOMMET(numsommet, nomsommet, altitude) VALUES (66, 'Mont Charvin', 2409);
INSERT INTO SOMMET(numsommet, nomsommet, altitude) VALUES (67, 'Pointe de la Sambuy', 2198);
INSERT INTO SOMMET(numsommet, nomsommet, altitude) VALUES (68, 'Grand Mont', 2686);
INSERT INTO SOMMET(numsommet, nomsommet, altitude) VALUES (69, 'Pointe de Comborsier', 2534);
INSERT INTO SOMMET(numsommet, nomsommet, altitude) VALUES (70, 'Pointe des Grands', 3102);
INSERT INTO SOMMET(numsommet, nomsommet, altitude) VALUES (71, 'Mont Blanc', 4809);
INSERT INTO SOMMET(numsommet, nomsommet, altitude) VALUES (72, 'Alpage de Tardevant - Point 2143m', 2143);

/*==============================================================*/
/* Table : DIFFICULTE                                           */
/*==============================================================*/
INSERT INTO DIFFICULTE VALUES ('F', 'Facile');
INSERT INTO DIFFICULTE VALUES ('PD-', 'Peu difficile -');
INSERT INTO DIFFICULTE VALUES ('PD', 'Peu difficile');
INSERT INTO DIFFICULTE VALUES ('PD+', 'Peu difficile +');
INSERT INTO DIFFICULTE VALUES ('AD-', 'Assez difficile -');
INSERT INTO DIFFICULTE VALUES ('AD', 'Assez difficile');
INSERT INTO DIFFICULTE VALUES ('AD+', 'Assez difficile +');
INSERT INTO DIFFICULTE VALUES ('D', 'Difficile');

/*==============================================================*/
/* Table : ITINERAIRE                                           */
/*==============================================================*/
INSERT INTO ITINERAIRE (numsommet, numitineraire, titreitineraire, codedifficulte, orientation, denivele, tempsth) VALUES (1, 1, 'l''Aiguille', 'PD-', 'NO', 822, 150);
INSERT INTO ITINERAIRE (numsommet, numitineraire, titreitineraire, codedifficulte, orientation, denivele, tempsth) VALUES (1, 2, 'sommet sud-est', 'PD-', 'NO', 870, 150);
INSERT INTO ITINERAIRE (numsommet, numitineraire, titreitineraire, codedifficulte, orientation, denivele, tempsth) VALUES (1, 3, 'sommet sud-ouest', 'PD-', 'NE', 870, 180);
INSERT INTO ITINERAIRE (numsommet, numitineraire, titreitineraire, codedifficulte, orientation, denivele, tempsth) VALUES (1, 4, 'sommet nord-ouest', 'PD+', 'SE', 870, 240);
INSERT INTO ITINERAIRE (numsommet, numitineraire, titreitineraire, codedifficulte, orientation, denivele, tempsth) VALUES (1, 5, 'sommet nord-est', 'PD', 'SO', 870, 200);
INSERT INTO ITINERAIRE (numsommet, numitineraire, titreitineraire, codedifficulte, orientation, denivele, tempsth) VALUES (2, 6, 'voie normale du versant nord-ouest', 'PD', 'NO', 1170, 240);
INSERT INTO ITINERAIRE (numsommet, numitineraire, titreitineraire, codedifficulte, orientation, denivele, tempsth) VALUES (2, 7, 'voie normale du versant sud-est', 'D', 'SE', 1170, 300);
INSERT INTO ITINERAIRE (numsommet, numitineraire, titreitineraire, codedifficulte, orientation, denivele, tempsth) VALUES (3, 8, 'par la combe du Grand Crêt', 'PD', 'NO', 1100, 210);
INSERT INTO ITINERAIRE (numsommet, numitineraire, titreitineraire, codedifficulte, orientation, denivele, tempsth) VALUES (4, 9, 'par la combe de Paccaly', 'PD', 'NO', 940, 210);
INSERT INTO ITINERAIRE (numsommet, numitineraire, titreitineraire, codedifficulte, orientation, denivele, tempsth) VALUES (5, 10, 'par la combe de Paccaly', 'PD+', 'NO', 1010, 210);
INSERT INTO ITINERAIRE (numsommet, numitineraire, titreitineraire, codedifficulte, orientation, denivele, tempsth) VALUES (5, 11, 'par la combe du Grand Crêt', 'PD+', 'NO', 1010, 210);
INSERT INTO ITINERAIRE (numsommet, numitineraire, titreitineraire, codedifficulte, orientation, denivele, tempsth) VALUES (6, 12, 'par la combe de Tardevant', 'PD', 'NO', 1100, 240);
INSERT INTO ITINERAIRE (numsommet, numitineraire, titreitineraire, codedifficulte, orientation, denivele, tempsth) VALUES (7, 13, 'par le Val du Bouchet', 'PD+', 'O', 1415, 240);
INSERT INTO ITINERAIRE (numsommet, numitineraire, titreitineraire, codedifficulte, orientation, denivele, tempsth) VALUES (8, 14, 'voie normale par Plan Bois', 'F', 'N', 720, 180);
INSERT INTO ITINERAIRE (numsommet, numitineraire, titreitineraire, codedifficulte, orientation, denivele, tempsth) VALUES (8, 15, 'circuit des Montagnes de Sulens par Plan Bois', 'PD', 'NO', 1095, 210);
INSERT INTO ITINERAIRE (numsommet, numitineraire, titreitineraire, codedifficulte, orientation, denivele, tempsth) VALUES (9, 16, 'versant sud-ouest', 'F', 'O', 1180, 210);
INSERT INTO ITINERAIRE (numsommet, numitineraire, titreitineraire, codedifficulte, orientation, denivele, tempsth) VALUES (10, 17, 'par le vallon des Fours', 'PD', 'O', 925, 180);
INSERT INTO ITINERAIRE (numsommet, numitineraire, titreitineraire, codedifficulte, orientation, denivele, tempsth) VALUES (11, 18, 'combe sud ouest', 'PD', 'O', 1180, 240);
INSERT INTO ITINERAIRE (numsommet, numitineraire, titreitineraire, codedifficulte, orientation, denivele, tempsth) VALUES (11, 19, 'combe à Marion - couloir Nord des Aravis', 'AD', 'NE', 800, 150);
INSERT INTO ITINERAIRE (numsommet, numitineraire, titreitineraire, codedifficulte, orientation, denivele, tempsth) VALUES (13, 20, 'par le lac de Lessy', 'PD', 'S', 1190, 300);
INSERT INTO ITINERAIRE (numsommet, numitineraire, titreitineraire, codedifficulte, orientation, denivele, tempsth) VALUES (14, 21, 'col sud-ouest, par la combe est de la Pointe Blanche', 'PD+', 'S', 850, 180);
INSERT INTO ITINERAIRE (numsommet, numitineraire, titreitineraire, codedifficulte, orientation, denivele, tempsth) VALUES (14, 22, 'col est, versant sud', 'PD', 'S', 850, 210);
INSERT INTO ITINERAIRE (numsommet, numitineraire, titreitineraire, codedifficulte, orientation, denivele, tempsth) VALUES (14, 23, 'col ouest, versant sud', 'PD', 'S', 850, 210);
INSERT INTO ITINERAIRE (numsommet, numitineraire, titreitineraire, codedifficulte, orientation, denivele, tempsth) VALUES (16, 24, 'voie normale du versant nord est', 'PD', 'NE', 1350, 270);
INSERT INTO ITINERAIRE (numsommet, numitineraire, titreitineraire, codedifficulte, orientation, denivele, tempsth) VALUES (17, 25, 'par la petite Chaurionde', 'AD-', 'N', 1030, 180);
INSERT INTO ITINERAIRE (numsommet, numitineraire, titreitineraire, codedifficulte, orientation, denivele, tempsth) VALUES (19, 26, 'tour classique', 'PD+', 'S', 1090, 420);
INSERT INTO ITINERAIRE (numsommet, numitineraire, titreitineraire, codedifficulte, orientation, denivele, tempsth) VALUES (20, 27, 'voie normale depuis le Col de Porte', 'PD+', 'O', 835, 150);
INSERT INTO ITINERAIRE (numsommet, numitineraire, titreitineraire, codedifficulte, orientation, denivele, tempsth) VALUES (22, 28, 'par les lacs Robert', 'F', 'NO', 960, 150);
INSERT INTO ITINERAIRE (numsommet, numitineraire, titreitineraire, codedifficulte, orientation, denivele, tempsth) VALUES (23, 29, 'par les lacs Roberts', 'AD+', 'NO', 1480, 270);
INSERT INTO ITINERAIRE (numsommet, numitineraire, titreitineraire, codedifficulte, orientation, denivele, tempsth) VALUES (24, 30, 'par la combe de la Creuse', 'PD', 'NO', 1100, 240);
INSERT INTO ITINERAIRE (numsommet, numitineraire, titreitineraire, codedifficulte, orientation, denivele, tempsth) VALUES (25, 31, 'depuis Prabert', 'PD', 'S', 1150, 240);
INSERT INTO ITINERAIRE (numsommet, numitineraire, titreitineraire, codedifficulte, orientation, denivele, tempsth) VALUES (27, 32, 'depuis Prabert', 'AD-', 'S', 1330, 300);
INSERT INTO ITINERAIRE (numsommet, numitineraire, titreitineraire, codedifficulte, orientation, denivele, tempsth) VALUES (28, 33, 'voie normale depuis Lieulever', 'PD+', 'S', 1250, 270);
INSERT INTO ITINERAIRE (numsommet, numitineraire, titreitineraire, codedifficulte, orientation, denivele, tempsth) VALUES (29, 34, 'depuis le Reposoir', 'AD', 'NO', 1450, 360);
INSERT INTO ITINERAIRE (numsommet, numitineraire, titreitineraire, codedifficulte, orientation, denivele, tempsth) VALUES (30, 35, 'traversée Sud - Ouest depuis Val Thorens', 'AD+', 'NO', 1275, 360);
INSERT INTO ITINERAIRE (numsommet, numitineraire, titreitineraire, codedifficulte, orientation, denivele, tempsth) VALUES (31, 36, 'depuis Val Thorens', 'PD', 'NO', 830, 180);
INSERT INTO ITINERAIRE (numsommet, numitineraire, titreitineraire, codedifficulte, orientation, denivele, tempsth) VALUES (32, 37, 'Tardevant, Paccaly et Grand Crêt par les couloirs du Milieu et du Tchadar', 'AD+', 'S', 1550, 360);
INSERT INTO ITINERAIRE (numsommet, numitineraire, titreitineraire, codedifficulte, orientation, denivele, tempsth) VALUES (33, 38, 'circuit du Cu Déri', 'AD', 'S', 1250, 300);
INSERT INTO ITINERAIRE (numsommet, numitineraire, titreitineraire, codedifficulte, orientation, denivele, tempsth) VALUES (34, 39, 'par le versant Est depuis le Planey', 'PD+', 'E', 1150, 240);
INSERT INTO ITINERAIRE (numsommet, numitineraire, titreitineraire, codedifficulte, orientation, denivele, tempsth) VALUES (35, 40, 'versant sud-ouest', 'F', 'O', 670, 150);
INSERT INTO ITINERAIRE (numsommet, numitineraire, titreitineraire, codedifficulte, orientation, denivele, tempsth) VALUES (36, 41, 'en aller/retour', 'D', 'N', 890, 210);
INSERT INTO ITINERAIRE (numsommet, numitineraire, titreitineraire, codedifficulte, orientation, denivele, tempsth) VALUES (37, 42, 'depuis le Bouchet', 'F', 'S', 640, 150);
INSERT INTO ITINERAIRE (numsommet, numitineraire, titreitineraire, codedifficulte, orientation, denivele, tempsth) VALUES (38, 43, 'depuis le Bouchet', 'PD-', 'S', 730, 165);
INSERT INTO ITINERAIRE (numsommet, numitineraire, titreitineraire, codedifficulte, orientation, denivele, tempsth) VALUES (39, 44, 'Traversée Hala Ornak - Hala Chocholowska', 'F', 'O', 680, 210);
INSERT INTO ITINERAIRE (numsommet, numitineraire, titreitineraire, codedifficulte, orientation, denivele, tempsth) VALUES (40, 45, 'depuis Hala Chocholowska', 'F', 'O', 500, 150);
INSERT INTO ITINERAIRE (numsommet, numitineraire, titreitineraire, codedifficulte, orientation, denivele, tempsth) VALUES (41, 46, 'Traversée Hala Chocholowska - Dolina Koscieliska', 'F', 'O', 350, 240);
INSERT INTO ITINERAIRE (numsommet, numitineraire, titreitineraire, codedifficulte, orientation, denivele, tempsth) VALUES (42, 47, 'depuis Kasprowy Wierch, par Hala Murowaniec', 'F', 'S', 60, 120);
INSERT INTO ITINERAIRE (numsommet, numitineraire, titreitineraire, codedifficulte, orientation, denivele, tempsth) VALUES (43, 48, 'depuis Kasprowy Wierch', 'F', 'NO', 185, 90);
INSERT INTO ITINERAIRE (numsommet, numitineraire, titreitineraire, codedifficulte, orientation, denivele, tempsth) VALUES (44, 49, 'par le Krokiew depuis le Hala Kondratowa', 'F', 'NE', 600, 240);
INSERT INTO ITINERAIRE (numsommet, numitineraire, titreitineraire, codedifficulte, orientation, denivele, tempsth) VALUES (45, 50, 'voie normale en traversée vers Täschhütte', 'PD+', 'NE', 1600, 540);
INSERT INTO ITINERAIRE (numsommet, numitineraire, titreitineraire, codedifficulte, orientation, denivele, tempsth) VALUES (46, 51, 'depuis Täschhütte en traversée', 'PD', 'O', 1505, 420);
INSERT INTO ITINERAIRE (numsommet, numitineraire, titreitineraire, codedifficulte, orientation, denivele, tempsth) VALUES (47, 52, 'le Nuevo et le Viejo en traversée', 'PD-', 'SE', 1000, 240);
INSERT INTO ITINERAIRE (numsommet, numitineraire, titreitineraire, codedifficulte, orientation, denivele, tempsth) VALUES (48, 53, 'voie normale, depuis la station', 'PD+', 'N', 1535, 300);
INSERT INTO ITINERAIRE (numsommet, numitineraire, titreitineraire, codedifficulte, orientation, denivele, tempsth) VALUES (49, 54, 'voie normale, depuis la station', 'PD+', 'NE', 1265, 240);
INSERT INTO ITINERAIRE (numsommet, numitineraire, titreitineraire, codedifficulte, orientation, denivele, tempsth) VALUES (50, 55, 'par le versant Nord-Est', 'AD', 'NE', 2110, 480);
INSERT INTO ITINERAIRE (numsommet, numitineraire, titreitineraire, codedifficulte, orientation, denivele, tempsth) VALUES (51, 56, 'voie normale, depuis la station', 'AD-', 'N', 990, 240);
INSERT INTO ITINERAIRE (numsommet, numitineraire, titreitineraire, codedifficulte, orientation, denivele, tempsth) VALUES (52, 57, 'voie normale depuis la station Antillanca', 'PD', 'O', 1140, 210);
INSERT INTO ITINERAIRE (numsommet, numitineraire, titreitineraire, codedifficulte, orientation, denivele, tempsth) VALUES (53, 58, 'depuis le Chinaillon', 'F', 'SE', 630, 180);
INSERT INTO ITINERAIRE (numsommet, numitineraire, titreitineraire, codedifficulte, orientation, denivele, tempsth) VALUES (54, 59, 'versant Sud par le petit Croise Baulet', 'PD', 'S', 1100, 240);
INSERT INTO ITINERAIRE (numsommet, numitineraire, titreitineraire, codedifficulte, orientation, denivele, tempsth) VALUES (55, 60, 'circuit depuis les Confins', 'AD+', 'S', 1400, 360);
INSERT INTO ITINERAIRE (numsommet, numitineraire, titreitineraire, codedifficulte, orientation, denivele, tempsth) VALUES (56, 61, 'face Ouest et traversée de la Tête d''Auferrand', 'AD+', 'S', 1100, 240);
INSERT INTO ITINERAIRE (numsommet, numitineraire, titreitineraire, codedifficulte, orientation, denivele, tempsth) VALUES (57, 62, 'couloir Sud-Est par l''arête Sud-Ouest', 'PD+', 'O', 1010, 180);
INSERT INTO ITINERAIRE (numsommet, numitineraire, titreitineraire, codedifficulte, orientation, denivele, tempsth) VALUES (58, 63, 'par le glacier du Tour Noir', 'PD', 'E', 1000, 360);
INSERT INTO ITINERAIRE (numsommet, numitineraire, titreitineraire, codedifficulte, orientation, denivele, tempsth) VALUES (60, 64, 'face Sud-Ouest', 'PD-', 'O', 972, 210);
INSERT INTO ITINERAIRE (numsommet, numitineraire, titreitineraire, codedifficulte, orientation, denivele, tempsth) VALUES (61, 65, 'face Ouest, depuis Akkarvik', 'PD-', 'O', 850, 180);
INSERT INTO ITINERAIRE (numsommet, numitineraire, titreitineraire, codedifficulte, orientation, denivele, tempsth) VALUES (62, 66, 'Traversée Ouest-Est', 'AD-', 'O', 1097, 300);
INSERT INTO ITINERAIRE (numsommet, numitineraire, titreitineraire, codedifficulte, orientation, denivele, tempsth) VALUES (63, 67, 'Traversée de l''île de Ulöya, par Kjelvågtinden', 'AD', 'S', 1400, 360);
INSERT INTO ITINERAIRE (numsommet, numitineraire, titreitineraire, codedifficulte, orientation, denivele, tempsth) VALUES (64, 68, 'traversée Est-Ouest', 'AD-', 'NE', 1250, 300);
INSERT INTO ITINERAIRE (numsommet, numitineraire, titreitineraire, codedifficulte, orientation, denivele, tempsth) VALUES (65, 69, 'par les lacs d''Åborsdalstinden ', 'AD+', 'SE', 992, 270);
INSERT INTO ITINERAIRE (numsommet, numitineraire, titreitineraire, codedifficulte, orientation, denivele, tempsth) VALUES (66, 70, 'face Ouest', 'AD+', 'O', 1100, 270);
INSERT INTO ITINERAIRE (numsommet, numitineraire, titreitineraire, codedifficulte, orientation, denivele, tempsth) VALUES (67, 71, 'depuis la station de Seythenex', 'AD', 'N', 1048, 210);
INSERT INTO ITINERAIRE (numsommet, numitineraire, titreitineraire, codedifficulte, orientation, denivele, tempsth) VALUES (68, 72, 'depuis Arêches', 'PD', 'NE', 1676, 360);
INSERT INTO ITINERAIRE (numsommet, numitineraire, titreitineraire, codedifficulte, orientation, denivele, tempsth) VALUES (69, 73, 'tour par les lacs de la Tempête', 'PD+', 'S', 1300, 420);
INSERT INTO ITINERAIRE (numsommet, numitineraire, titreitineraire, codedifficulte, orientation, denivele, tempsth) VALUES (70, 74, 'par la Croix de Bron', 'PD', 'NE', 1776, 420);
INSERT INTO ITINERAIRE (numsommet, numitineraire, titreitineraire, codedifficulte, orientation, denivele, tempsth) VALUES (71, 75, 'Traversée par les 3 Monts Blancs, arête des Bosses', 'D', 'NE', 1500, 540);
INSERT INTO ITINERAIRE (numsommet, numitineraire, titreitineraire, codedifficulte, orientation, denivele, tempsth) VALUES (72, 76, 'par le châlet de Tardevant', 'PD+', 'O', 1040, 300);
INSERT INTO itineraire(numitineraire,numsommet,titreitineraire,codedifficulte,orientation,denivele,tempsth) VALUES (100,61,'Itinéraire 100','AD+','E',2269,430);
INSERT INTO itineraire(numitineraire,numsommet,titreitineraire,codedifficulte,orientation,denivele,tempsth) VALUES (101,70,'Itinéraire 101','PD','NO',1494,180);
INSERT INTO itineraire(numitineraire,numsommet,titreitineraire,codedifficulte,orientation,denivele,tempsth) VALUES (102,3,'Itinéraire 102','PD-','SO',1282,180);
INSERT INTO itineraire(numitineraire,numsommet,titreitineraire,codedifficulte,orientation,denivele,tempsth) VALUES (103,34,'Itinéraire 103','D','NO',1467,200);
INSERT INTO itineraire(numitineraire,numsommet,titreitineraire,codedifficulte,orientation,denivele,tempsth) VALUES (104,6,'Itinéraire 104','AD-','NE',1818,380);
INSERT INTO itineraire(numitineraire,numsommet,titreitineraire,codedifficulte,orientation,denivele,tempsth) VALUES (105,69,'Itinéraire 105','F','E',1744,360);
INSERT INTO itineraire(numitineraire,numsommet,titreitineraire,codedifficulte,orientation,denivele,tempsth) VALUES (106,46,'Itinéraire 106','AD+','O',1574,340);
INSERT INTO itineraire(numitineraire,numsommet,titreitineraire,codedifficulte,orientation,denivele,tempsth) VALUES (107,9,'Itinéraire 107','F','O',1643,330);
INSERT INTO itineraire(numitineraire,numsommet,titreitineraire,codedifficulte,orientation,denivele,tempsth) VALUES (108,36,'Itinéraire 108','D','NE',1681,320);
INSERT INTO itineraire(numitineraire,numsommet,titreitineraire,codedifficulte,orientation,denivele,tempsth) VALUES (109,37,'Itinéraire 109','AD','NE',1737,330);
INSERT INTO itineraire(numitineraire,numsommet,titreitineraire,codedifficulte,orientation,denivele,tempsth) VALUES (110,33,'Itinéraire 110','PD-','SO',1608,340);
INSERT INTO itineraire(numitineraire,numsommet,titreitineraire,codedifficulte,orientation,denivele,tempsth) VALUES (111,64,'Itinéraire 111','PD-','SO',1165,180);
INSERT INTO itineraire(numitineraire,numsommet,titreitineraire,codedifficulte,orientation,denivele,tempsth) VALUES (112,53,'Itinéraire 112','AD+','SE',1123,190);
INSERT INTO itineraire(numitineraire,numsommet,titreitineraire,codedifficulte,orientation,denivele,tempsth) VALUES (113,25,'Itinéraire 113','F','S',1941,360);
INSERT INTO itineraire(numitineraire,numsommet,titreitineraire,codedifficulte,orientation,denivele,tempsth) VALUES (114,63,'Itinéraire 114','AD-','O',1398,180);
INSERT INTO itineraire(numitineraire,numsommet,titreitineraire,codedifficulte,orientation,denivele,tempsth) VALUES (115,67,'Itinéraire 115','PD-','N',1448,190);
INSERT INTO itineraire(numitineraire,numsommet,titreitineraire,codedifficulte,orientation,denivele,tempsth) VALUES (116,64,'Itinéraire 116','F','S',2391,490);
INSERT INTO itineraire(numitineraire,numsommet,titreitineraire,codedifficulte,orientation,denivele,tempsth) VALUES (117,63,'Itinéraire 117','D','N',2369,480);
INSERT INTO itineraire(numitineraire,numsommet,titreitineraire,codedifficulte,orientation,denivele,tempsth) VALUES (118,4,'Itinéraire 118','F','NE',1707,350);
INSERT INTO itineraire(numitineraire,numsommet,titreitineraire,codedifficulte,orientation,denivele,tempsth) VALUES (119,24,'Itinéraire 119','F','N',1260,170);
INSERT INTO itineraire(numitineraire,numsommet,titreitineraire,codedifficulte,orientation,denivele,tempsth) VALUES (120,46,'Itinéraire 120','D','SE',1342,200);
INSERT INTO itineraire(numitineraire,numsommet,titreitineraire,codedifficulte,orientation,denivele,tempsth) VALUES (121,8,'Itinéraire 121','AD-','NE',2011,420);
INSERT INTO itineraire(numitineraire,numsommet,titreitineraire,codedifficulte,orientation,denivele,tempsth) VALUES (122,14,'Itinéraire 122','PD-','E',1672,330);
INSERT INTO itineraire(numitineraire,numsommet,titreitineraire,codedifficulte,orientation,denivele,tempsth) VALUES (123,63,'Itinéraire 123','F','E',2261,470);
INSERT INTO itineraire(numitineraire,numsommet,titreitineraire,codedifficulte,orientation,denivele,tempsth) VALUES (124,36,'Itinéraire 124','D','NE',1222,170);
INSERT INTO itineraire(numitineraire,numsommet,titreitineraire,codedifficulte,orientation,denivele,tempsth) VALUES (125,24,'Itinéraire 125','AD+','SE',1301,180);
INSERT INTO itineraire(numitineraire,numsommet,titreitineraire,codedifficulte,orientation,denivele,tempsth) VALUES (126,31,'Itinéraire 126','F','O',1622,370);
INSERT INTO itineraire(numitineraire,numsommet,titreitineraire,codedifficulte,orientation,denivele,tempsth) VALUES (127,55,'Itinéraire 127','PD','SE',1375,200);
INSERT INTO itineraire(numitineraire,numsommet,titreitineraire,codedifficulte,orientation,denivele,tempsth) VALUES (128,68,'Itinéraire 128','AD','NO',1252,200);
INSERT INTO itineraire(numitineraire,numsommet,titreitineraire,codedifficulte,orientation,denivele,tempsth) VALUES (129,22,'Itinéraire 129','PD','NO',1779,330);
INSERT INTO itineraire(numitineraire,numsommet,titreitineraire,codedifficulte,orientation,denivele,tempsth) VALUES (130,49,'Itinéraire 130','F','SO',1148,200);
INSERT INTO itineraire(numitineraire,numsommet,titreitineraire,codedifficulte,orientation,denivele,tempsth) VALUES (131,11,'Itinéraire 131','D','NE',2210,460);
INSERT INTO itineraire(numitineraire,numsommet,titreitineraire,codedifficulte,orientation,denivele,tempsth) VALUES (132,22,'Itinéraire 132','PD+','NO',1923,370);
INSERT INTO itineraire(numitineraire,numsommet,titreitineraire,codedifficulte,orientation,denivele,tempsth) VALUES (133,38,'Itinéraire 133','AD+','SO',2384,490);
INSERT INTO itineraire(numitineraire,numsommet,titreitineraire,codedifficulte,orientation,denivele,tempsth) VALUES (134,13,'Itinéraire 134','PD','SE',2417,440);
INSERT INTO itineraire(numitineraire,numsommet,titreitineraire,codedifficulte,orientation,denivele,tempsth) VALUES (135,45,'Itinéraire 135','PD+','SO',1081,170);
INSERT INTO itineraire(numitineraire,numsommet,titreitineraire,codedifficulte,orientation,denivele,tempsth) VALUES (136,10,'Itinéraire 136','AD+','SO',2157,490);
INSERT INTO itineraire(numitineraire,numsommet,titreitineraire,codedifficulte,orientation,denivele,tempsth) VALUES (137,60,'Itinéraire 137','PD+','O',2337,400);
INSERT INTO itineraire(numitineraire,numsommet,titreitineraire,codedifficulte,orientation,denivele,tempsth) VALUES (138,13,'Itinéraire 138','AD+','E',1349,170);
INSERT INTO itineraire(numitineraire,numsommet,titreitineraire,codedifficulte,orientation,denivele,tempsth) VALUES (139,20,'Itinéraire 139','PD+','SO',2049,400);
INSERT INTO itineraire(numitineraire,numsommet,titreitineraire,codedifficulte,orientation,denivele,tempsth) VALUES (140,42,'Itinéraire 140','PD-','NO',2491,490);
INSERT INTO itineraire(numitineraire,numsommet,titreitineraire,codedifficulte,orientation,denivele,tempsth) VALUES (141,32,'Itinéraire 141','D','NE',2027,420);
INSERT INTO itineraire(numitineraire,numsommet,titreitineraire,codedifficulte,orientation,denivele,tempsth) VALUES (142,64,'Itinéraire 142','AD-','O',2086,480);
INSERT INTO itineraire(numitineraire,numsommet,titreitineraire,codedifficulte,orientation,denivele,tempsth) VALUES (143,32,'Itinéraire 143','PD','E',1205,200);
INSERT INTO itineraire(numitineraire,numsommet,titreitineraire,codedifficulte,orientation,denivele,tempsth) VALUES (144,54,'Itinéraire 144','PD+','SE',1718,370);
INSERT INTO itineraire(numitineraire,numsommet,titreitineraire,codedifficulte,orientation,denivele,tempsth) VALUES (145,60,'Itinéraire 145','AD-','O',1577,360);
INSERT INTO itineraire(numitineraire,numsommet,titreitineraire,codedifficulte,orientation,denivele,tempsth) VALUES (146,34,'Itinéraire 146','PD+','SE',1742,370);
INSERT INTO itineraire(numitineraire,numsommet,titreitineraire,codedifficulte,orientation,denivele,tempsth) VALUES (147,53,'Itinéraire 147','PD-','N',1648,360);
INSERT INTO itineraire(numitineraire,numsommet,titreitineraire,codedifficulte,orientation,denivele,tempsth) VALUES (148,57,'Itinéraire 148','PD','SE',1806,350);
INSERT INTO itineraire(numitineraire,numsommet,titreitineraire,codedifficulte,orientation,denivele,tempsth) VALUES (149,35,'Itinéraire 149','F','NO',2405,410);
INSERT INTO itineraire(numitineraire,numsommet,titreitineraire,codedifficulte,orientation,denivele,tempsth) VALUES (150,57,'Itinéraire 150','AD-','S',2465,420);
INSERT INTO itineraire(numitineraire,numsommet,titreitineraire,codedifficulte,orientation,denivele,tempsth) VALUES (151,19,'Itinéraire 151','AD','N',1777,370);
INSERT INTO itineraire(numitineraire,numsommet,titreitineraire,codedifficulte,orientation,denivele,tempsth) VALUES (152,58,'Itinéraire 152','PD+','N',1726,350);
INSERT INTO itineraire(numitineraire,numsommet,titreitineraire,codedifficulte,orientation,denivele,tempsth) VALUES (153,49,'Itinéraire 153','PD','N',2361,420);
INSERT INTO itineraire(numitineraire,numsommet,titreitineraire,codedifficulte,orientation,denivele,tempsth) VALUES (154,60,'Itinéraire 154','AD+','O',1659,360);
INSERT INTO itineraire(numitineraire,numsommet,titreitineraire,codedifficulte,orientation,denivele,tempsth) VALUES (155,5,'Itinéraire 155','AD','S',2196,420);
INSERT INTO itineraire(numitineraire,numsommet,titreitineraire,codedifficulte,orientation,denivele,tempsth) VALUES (156,17,'Itinéraire 156','PD','N',1651,330);
INSERT INTO itineraire(numitineraire,numsommet,titreitineraire,codedifficulte,orientation,denivele,tempsth) VALUES (157,13,'Itinéraire 157','AD','NO',2177,460);
INSERT INTO itineraire(numitineraire,numsommet,titreitineraire,codedifficulte,orientation,denivele,tempsth) VALUES (158,36,'Itinéraire 158','PD-','O',1377,180);
INSERT INTO itineraire(numitineraire,numsommet,titreitineraire,codedifficulte,orientation,denivele,tempsth) VALUES (159,61,'Itinéraire 159','AD+','N',1201,200);
INSERT INTO itineraire(numitineraire,numsommet,titreitineraire,codedifficulte,orientation,denivele,tempsth) VALUES (160,46,'Itinéraire 160','PD','NO',2279,410);
INSERT INTO itineraire(numitineraire,numsommet,titreitineraire,codedifficulte,orientation,denivele,tempsth) VALUES (161,32,'Itinéraire 161','F','S',1001,200);
INSERT INTO itineraire(numitineraire,numsommet,titreitineraire,codedifficulte,orientation,denivele,tempsth) VALUES (162,52,'Itinéraire 162','F','SE',2437,480);
INSERT INTO itineraire(numitineraire,numsommet,titreitineraire,codedifficulte,orientation,denivele,tempsth) VALUES (163,32,'Itinéraire 163','AD+','O',2336,460);
INSERT INTO itineraire(numitineraire,numsommet,titreitineraire,codedifficulte,orientation,denivele,tempsth) VALUES (164,9,'Itinéraire 164','AD','O',1566,350);
INSERT INTO itineraire(numitineraire,numsommet,titreitineraire,codedifficulte,orientation,denivele,tempsth) VALUES (165,39,'Itinéraire 165','F','NO',1108,180);
INSERT INTO itineraire(numitineraire,numsommet,titreitineraire,codedifficulte,orientation,denivele,tempsth) VALUES (166,17,'Itinéraire 166','PD','NE',1624,340);
INSERT INTO itineraire(numitineraire,numsommet,titreitineraire,codedifficulte,orientation,denivele,tempsth) VALUES (167,49,'Itinéraire 167','AD-','N',1551,330);
INSERT INTO itineraire(numitineraire,numsommet,titreitineraire,codedifficulte,orientation,denivele,tempsth) VALUES (168,40,'Itinéraire 168','PD-','SE',1883,350);
INSERT INTO itineraire(numitineraire,numsommet,titreitineraire,codedifficulte,orientation,denivele,tempsth) VALUES (169,53,'Itinéraire 169','D','N',1338,170);
INSERT INTO itineraire(numitineraire,numsommet,titreitineraire,codedifficulte,orientation,denivele,tempsth) VALUES (170,56,'Itinéraire 170','PD+','NO',2481,480);
INSERT INTO itineraire(numitineraire,numsommet,titreitineraire,codedifficulte,orientation,denivele,tempsth) VALUES (171,29,'Itinéraire 171','PD-','NE',1036,190);
INSERT INTO itineraire(numitineraire,numsommet,titreitineraire,codedifficulte,orientation,denivele,tempsth) VALUES (172,3,'Itinéraire 172','AD','SO',1199,190);
INSERT INTO itineraire(numitineraire,numsommet,titreitineraire,codedifficulte,orientation,denivele,tempsth) VALUES (173,60,'Itinéraire 173','PD','E',1170,190);
INSERT INTO itineraire(numitineraire,numsommet,titreitineraire,codedifficulte,orientation,denivele,tempsth) VALUES (174,34,'Itinéraire 174','AD+','SO',1223,170);
INSERT INTO itineraire(numitineraire,numsommet,titreitineraire,codedifficulte,orientation,denivele,tempsth) VALUES (175,17,'Itinéraire 175','D','NE',1336,190);
INSERT INTO itineraire(numitineraire,numsommet,titreitineraire,codedifficulte,orientation,denivele,tempsth) VALUES (176,22,'Itinéraire 176','PD','N',2203,410);
INSERT INTO itineraire(numitineraire,numsommet,titreitineraire,codedifficulte,orientation,denivele,tempsth) VALUES (177,63,'Itinéraire 177','PD','NO',1128,170);
INSERT INTO itineraire(numitineraire,numsommet,titreitineraire,codedifficulte,orientation,denivele,tempsth) VALUES (178,50,'Itinéraire 178','PD-','NE',2087,480);
INSERT INTO itineraire(numitineraire,numsommet,titreitineraire,codedifficulte,orientation,denivele,tempsth) VALUES (179,10,'Itinéraire 179','AD+','O',2243,480);
INSERT INTO itineraire(numitineraire,numsommet,titreitineraire,codedifficulte,orientation,denivele,tempsth) VALUES (180,48,'Itinéraire 180','F','SO',2206,410);
INSERT INTO itineraire(numitineraire,numsommet,titreitineraire,codedifficulte,orientation,denivele,tempsth) VALUES (181,16,'Itinéraire 181','D','NE',2393,440);
INSERT INTO itineraire(numitineraire,numsommet,titreitineraire,codedifficulte,orientation,denivele,tempsth) VALUES (182,43,'Itinéraire 182','PD','NO',2206,410);
INSERT INTO itineraire(numitineraire,numsommet,titreitineraire,codedifficulte,orientation,denivele,tempsth) VALUES (183,67,'Itinéraire 183','PD','NO',1272,190);
INSERT INTO itineraire(numitineraire,numsommet,titreitineraire,codedifficulte,orientation,denivele,tempsth) VALUES (184,48,'Itinéraire 184','AD-','NE',1671,330);
INSERT INTO itineraire(numitineraire,numsommet,titreitineraire,codedifficulte,orientation,denivele,tempsth) VALUES (185,27,'Itinéraire 185','PD+','NE',1447,170);
INSERT INTO itineraire(numitineraire,numsommet,titreitineraire,codedifficulte,orientation,denivele,tempsth) VALUES (186,19,'Itinéraire 186','AD','O',1118,170);
INSERT INTO itineraire(numitineraire,numsommet,titreitineraire,codedifficulte,orientation,denivele,tempsth) VALUES (187,37,'Itinéraire 187','PD+','NE',2014,410);
INSERT INTO itineraire(numitineraire,numsommet,titreitineraire,codedifficulte,orientation,denivele,tempsth) VALUES (188,58,'Itinéraire 188','AD+','N',2387,410);
INSERT INTO itineraire(numitineraire,numsommet,titreitineraire,codedifficulte,orientation,denivele,tempsth) VALUES (189,25,'Itinéraire 189','PD+','E',1453,180);
INSERT INTO itineraire(numitineraire,numsommet,titreitineraire,codedifficulte,orientation,denivele,tempsth) VALUES (190,55,'Itinéraire 190','AD+','NO',1094,200);
INSERT INTO itineraire(numitineraire,numsommet,titreitineraire,codedifficulte,orientation,denivele,tempsth) VALUES (191,71,'Itinéraire 191','F','NE',1128,190);
INSERT INTO itineraire(numitineraire,numsommet,titreitineraire,codedifficulte,orientation,denivele,tempsth) VALUES (192,47,'Itinéraire 192','AD-','O',1701,330);
INSERT INTO itineraire(numitineraire,numsommet,titreitineraire,codedifficulte,orientation,denivele,tempsth) VALUES (193,65,'Itinéraire 193','AD-','SE',2095,440);
INSERT INTO itineraire(numitineraire,numsommet,titreitineraire,codedifficulte,orientation,denivele,tempsth) VALUES (194,5,'Itinéraire 194','PD','S',2262,460);
INSERT INTO itineraire(numitineraire,numsommet,titreitineraire,codedifficulte,orientation,denivele,tempsth) VALUES (195,31,'Itinéraire 195','PD','SE',1163,170);
INSERT INTO itineraire(numitineraire,numsommet,titreitineraire,codedifficulte,orientation,denivele,tempsth) VALUES (196,2,'Itinéraire 196','PD','S',1570,380);
INSERT INTO itineraire(numitineraire,numsommet,titreitineraire,codedifficulte,orientation,denivele,tempsth) VALUES (197,10,'Itinéraire 197','F','O',2253,420);
INSERT INTO itineraire(numitineraire,numsommet,titreitineraire,codedifficulte,orientation,denivele,tempsth) VALUES (198,62,'Itinéraire 198','PD','SE',2343,410);
INSERT INTO itineraire(numitineraire,numsommet,titreitineraire,codedifficulte,orientation,denivele,tempsth) VALUES (199,58,'Itinéraire 199','AD','NE',2000,480);

/*==============================================================*/
/* Table : SORTIE                                               */
/*==============================================================*/

INSERT INTO sortie (numsortie, idmeteo, datesortie) VALUES (1, floor(random() * 3 + 1)::int, '2015-02-12');
INSERT INTO sortie (numsortie, idmeteo, datesortie) VALUES (2, floor(random() * 3 + 1)::int, '2015-03-20');
INSERT INTO sortie (numsortie, idmeteo, datesortie) VALUES (3, floor(random() * 3 + 1)::int, '2015-04-09');
INSERT INTO sortie (numsortie, idmeteo, datesortie) VALUES (4, floor(random() * 3 + 1)::int, '2015-05-14');
INSERT INTO sortie (numsortie, idmeteo, datesortie) VALUES (5, floor(random() * 3 + 1)::int, '2015-05-21');
INSERT INTO sortie (numsortie, idmeteo, datesortie) VALUES (6, floor(random() * 3 + 1)::int, '2015-05-22');
INSERT INTO sortie (numsortie, idmeteo, datesortie) VALUES (7, floor(random() * 3 + 1)::int, '2016-02-05');
INSERT INTO sortie (numsortie, idmeteo, datesortie) VALUES (8, floor(random() * 3 + 1)::int, '2016-03-18');
INSERT INTO sortie (numsortie, idmeteo, datesortie) VALUES (9, floor(random() * 3 + 1)::int, '2016-04-01');
INSERT INTO sortie (numsortie, idmeteo, datesortie) VALUES (10, floor(random() * 3 + 1)::int, '2016-04-07');
INSERT INTO sortie (numsortie, idmeteo, datesortie) VALUES (11, floor(random() * 3 + 1)::int, '2016-04-28');
INSERT INTO sortie (numsortie, idmeteo, datesortie) VALUES (12, floor(random() * 3 + 1)::int, '2016-04-29');
INSERT INTO sortie (numsortie, idmeteo, datesortie) VALUES (13, floor(random() * 3 + 1)::int, '2016-06-04');
INSERT INTO sortie (numsortie, idmeteo, datesortie) VALUES (14, floor(random() * 3 + 1)::int, '2016-06-17');
INSERT INTO sortie (numsortie, idmeteo, datesortie) VALUES (15, floor(random() * 3 + 1)::int, '2016-06-24');
INSERT INTO sortie (numsortie, idmeteo, datesortie) VALUES (16, floor(random() * 3 + 1)::int, '2016-06-25');
INSERT INTO sortie (numsortie, idmeteo, datesortie) VALUES (17, floor(random() * 3 + 1)::int, '2016-06-26');
INSERT INTO sortie (numsortie, idmeteo, datesortie) VALUES (18, floor(random() * 3 + 1)::int, '2017-02-17');
INSERT INTO sortie (numsortie, idmeteo, datesortie) VALUES (19, floor(random() * 3 + 1)::int, '2017-04-07');
INSERT INTO sortie (numsortie, idmeteo, datesortie) VALUES (20, floor(random() * 3 + 1)::int, '2017-04-14');
INSERT INTO sortie (numsortie, idmeteo, datesortie) VALUES (21, floor(random() * 3 + 1)::int, '2017-05-19');
INSERT INTO sortie (numsortie, idmeteo, datesortie) VALUES (22, floor(random() * 3 + 1)::int, '2017-05-22');
INSERT INTO sortie (numsortie, idmeteo, datesortie) VALUES (23, floor(random() * 3 + 1)::int, '2017-06-02');
INSERT INTO sortie (numsortie, idmeteo, datesortie) VALUES (24, floor(random() * 3 + 1)::int, '2017-06-09');
INSERT INTO sortie (numsortie, idmeteo, datesortie) VALUES (25, floor(random() * 3 + 1)::int, '2017-06-10');
INSERT INTO sortie (numsortie, idmeteo, datesortie) VALUES (26, floor(random() * 3 + 1)::int, '2017-07-03');
INSERT INTO sortie (numsortie, idmeteo, datesortie) VALUES (27, floor(random() * 3 + 1)::int, '2017-07-08');
INSERT INTO sortie (numsortie, idmeteo, datesortie) VALUES (28, floor(random() * 3 + 1)::int, '2017-07-14');
INSERT INTO sortie (numsortie, idmeteo, datesortie) VALUES (29, floor(random() * 3 + 1)::int, '2018-01-19');
INSERT INTO sortie (numsortie, idmeteo, datesortie) VALUES (30, floor(random() * 3 + 1)::int, '2018-02-23');
INSERT INTO sortie (numsortie, idmeteo, datesortie) VALUES (31, floor(random() * 3 + 1)::int, '2018-02-28');
INSERT INTO sortie (numsortie, idmeteo, datesortie) VALUES (32, floor(random() * 3 + 1)::int, '2018-03-22');
INSERT INTO sortie (numsortie, idmeteo, datesortie) VALUES (33, floor(random() * 3 + 1)::int, '2018-05-01');
INSERT INTO sortie (numsortie, idmeteo, datesortie) VALUES (34, floor(random() * 3 + 1)::int, '2018-05-05');
INSERT INTO sortie (numsortie, idmeteo, datesortie) VALUES (35, floor(random() * 3 + 1)::int, '2018-05-11');
INSERT INTO sortie (numsortie, idmeteo, datesortie) VALUES (36, floor(random() * 3 + 1)::int, '2018-05-12');
INSERT INTO sortie (numsortie, idmeteo, datesortie) VALUES (37, floor(random() * 3 + 1)::int, '2018-05-13');
INSERT INTO sortie (numsortie, idmeteo, datesortie) VALUES (38, floor(random() * 3 + 1)::int, '2018-05-17');
INSERT INTO sortie (numsortie, idmeteo, datesortie) VALUES (39, floor(random() * 3 + 1)::int, '2018-05-19');
INSERT INTO sortie (numsortie, idmeteo, datesortie) VALUES (40, floor(random() * 3 + 1)::int, '2018-06-11');
INSERT INTO sortie (numsortie, idmeteo, datesortie) VALUES (41, floor(random() * 3 + 1)::int, '2018-06-16');
INSERT INTO sortie (numsortie, idmeteo, datesortie) VALUES (42, floor(random() * 3 + 1)::int, '2018-06-23');
INSERT INTO sortie (numsortie, idmeteo, datesortie) VALUES (43, floor(random() * 3 + 1)::int, '2018-06-30');
INSERT INTO sortie (numsortie, idmeteo, datesortie) VALUES (44, floor(random() * 3 + 1)::int, '2018-07-20');
INSERT INTO sortie (numsortie, idmeteo, datesortie) VALUES (45, floor(random() * 3 + 1)::int, '2018-07-28');
INSERT INTO sortie (numsortie, idmeteo, datesortie) VALUES (46, floor(random() * 3 + 1)::int, '2019-02-15');
INSERT INTO sortie (numsortie, idmeteo, datesortie) VALUES (47, floor(random() * 3 + 1)::int, '2019-03-08');
INSERT INTO sortie (numsortie, idmeteo, datesortie) VALUES (48, floor(random() * 3 + 1)::int, '2019-03-15');
INSERT INTO sortie (numsortie, idmeteo, datesortie) VALUES (49, floor(random() * 3 + 1)::int, '2019-03-28');
INSERT INTO sortie (numsortie, idmeteo, datesortie) VALUES (50, floor(random() * 3 + 1)::int, '2019-04-05');
INSERT INTO sortie (numsortie, idmeteo, datesortie) VALUES (51, floor(random() * 3 + 1)::int, '2019-04-06');
INSERT INTO sortie (numsortie, idmeteo, datesortie) VALUES (52, floor(random() * 3 + 1)::int, '2019-04-12');
INSERT INTO sortie (numsortie, idmeteo, datesortie) VALUES (53, floor(random() * 3 + 1)::int, '2019-04-13');
INSERT INTO sortie (numsortie, idmeteo, datesortie) VALUES (54, floor(random() * 3 + 1)::int, '2019-04-26');
INSERT INTO sortie (numsortie, idmeteo, datesortie) VALUES (55, floor(random() * 3 + 1)::int, '2019-05-03');
INSERT INTO sortie (numsortie, idmeteo, datesortie) VALUES (56, floor(random() * 3 + 1)::int, '2019-05-04');
INSERT INTO sortie (numsortie, idmeteo, datesortie) VALUES (57, floor(random() * 3 + 1)::int, '2019-05-17');
INSERT INTO sortie (numsortie, idmeteo, datesortie) VALUES (58, floor(random() * 3 + 1)::int, '2019-05-18');
INSERT INTO sortie (numsortie, idmeteo, datesortie) VALUES (59, floor(random() * 3 + 1)::int, '2019-05-22');
INSERT INTO sortie (numsortie, idmeteo, datesortie) VALUES (60, floor(random() * 3 + 1)::int, '2019-05-25');
INSERT INTO sortie (numsortie, idmeteo, datesortie) VALUES (61, floor(random() * 3 + 1)::int, '2019-06-01');
INSERT INTO sortie (numsortie, idmeteo, datesortie) VALUES (62, floor(random() * 3 + 1)::int, '2019-06-02');
INSERT INTO sortie (numsortie, idmeteo, datesortie) VALUES (63, floor(random() * 3 + 1)::int, '2019-06-03');
INSERT INTO sortie (numsortie, idmeteo, datesortie) VALUES (64, floor(random() * 3 + 1)::int, '2019-06-04');
INSERT INTO sortie (numsortie, idmeteo, datesortie) VALUES (65, floor(random() * 3 + 1)::int, '2019-06-05');
INSERT INTO sortie (numsortie, idmeteo, datesortie) VALUES (66, floor(random() * 3 + 1)::int, '2019-06-06');
INSERT INTO sortie (numsortie, idmeteo, datesortie) VALUES (67, floor(random() * 3 + 1)::int, '2019-06-07');
INSERT INTO sortie (numsortie, idmeteo, datesortie) VALUES (68, floor(random() * 3 + 1)::int, '2019-06-14');
INSERT INTO sortie (numsortie, idmeteo, datesortie) VALUES (69, floor(random() * 3 + 1)::int, '2019-06-28');
INSERT INTO sortie (numsortie, idmeteo, datesortie) VALUES (70, floor(random() * 3 + 1)::int, '2019-06-29');
INSERT INTO sortie (numsortie, idmeteo, datesortie) VALUES (71, floor(random() * 3 + 1)::int, '2019-12-02');
INSERT INTO sortie (numsortie, idmeteo, datesortie) VALUES (72, floor(random() * 3 + 1)::int, '2019-12-04');
INSERT INTO sortie (numsortie, idmeteo, datesortie) VALUES (73, floor(random() * 3 + 1)::int, '2019-12-06');
INSERT INTO sortie (numsortie, idmeteo, datesortie) VALUES (74, floor(random() * 3 + 1)::int, '2019-12-07');
INSERT INTO sortie (numsortie, idmeteo, datesortie) VALUES (75, floor(random() * 3 + 1)::int, '2019-12-10');
INSERT INTO sortie (numsortie, idmeteo, datesortie) VALUES (76, floor(random() * 3 + 1)::int, '2019-12-13');
INSERT INTO sortie (numsortie, idmeteo, datesortie) VALUES (77, floor(random() * 3 + 1)::int, '2020-02-22');
INSERT INTO sortie (numsortie, idmeteo, datesortie) VALUES (78, floor(random() * 3 + 1)::int, '2020-03-06');
INSERT INTO sortie (numsortie, idmeteo, datesortie) VALUES (79, floor(random() * 3 + 1)::int, '2020-03-20');
INSERT INTO sortie (numsortie, idmeteo, datesortie) VALUES (80, floor(random() * 3 + 1)::int, '2020-03-24');
INSERT INTO sortie (numsortie, idmeteo, datesortie) VALUES (81, floor(random() * 3 + 1)::int, '2020-04-03');
INSERT INTO sortie (numsortie, idmeteo, datesortie) VALUES (82, floor(random() * 3 + 1)::int, '2020-04-17');
INSERT INTO sortie (numsortie, idmeteo, datesortie) VALUES (83, floor(random() * 3 + 1)::int, '2020-04-25');
INSERT INTO sortie (numsortie, idmeteo, datesortie) VALUES (84, floor(random() * 3 + 1)::int, '2020-05-01');
INSERT INTO sortie (numsortie, idmeteo, datesortie) VALUES (85, floor(random() * 3 + 1)::int, '2020-05-08');
INSERT INTO sortie (numsortie, idmeteo, datesortie) VALUES (86, floor(random() * 3 + 1)::int, '2020-05-09');
INSERT INTO sortie (numsortie, idmeteo, datesortie) VALUES (99, floor(random() * 3 + 1)::int, '2020-05-22');
INSERT INTO sortie (numsortie, idmeteo, datesortie) VALUES (100, floor(random() * 3 + 1)::int, '2020-05-23');
INSERT INTO sortie (numsortie, idmeteo, datesortie) VALUES (101, floor(random() * 3 + 1)::int, '2020-06-05');
INSERT INTO sortie (numsortie, idmeteo, datesortie) VALUES (119, floor(random() * 3 + 1)::int, '2020-06-02');
INSERT INTO sortie (numsortie, idmeteo, datesortie) VALUES (120, floor(random() * 3 + 1)::int, '2020-06-04');
INSERT INTO sortie (numsortie, idmeteo, datesortie) VALUES (121, floor(random() * 3 + 1)::int, '2020-10-05');
INSERT INTO sortie (numsortie, idmeteo, datesortie) VALUES (122, floor(random() * 3 + 1)::int, '2020-10-12');
INSERT INTO sortie (numsortie, idmeteo, datesortie) VALUES (123, floor(random() * 3 + 1)::int, '2020-10-19');
INSERT INTO sortie (numsortie, idmeteo, datesortie) VALUES (124, floor(random() * 3 + 1)::int, '2020-10-26');
INSERT INTO sortie (numsortie, idmeteo, datesortie) VALUES (125, floor(random() * 3 + 1)::int, '2020-11-02');
INSERT INTO sortie (numsortie, idmeteo, datesortie) VALUES (126, floor(random() * 3 + 1)::int, '2020-11-16');
INSERT INTO sortie (numsortie, idmeteo, datesortie) VALUES (127, floor(random() * 3 + 1)::int, '2020-11-24');
INSERT INTO sortie (numsortie, idmeteo, datesortie) VALUES (128, floor(random() * 3 + 1)::int, '2020-11-25');
INSERT INTO sortie (numsortie, idmeteo, datesortie) VALUES (129, floor(random() * 3 + 1)::int, '2020-11-26');
INSERT INTO sortie (numsortie, idmeteo, datesortie) VALUES (130, floor(random() * 3 + 1)::int, '2020-11-27');
INSERT INTO sortie (numsortie, idmeteo, datesortie) VALUES (131, floor(random() * 3 + 1)::int, '2020-11-28');
INSERT INTO sortie (numsortie, idmeteo, datesortie) VALUES (132, floor(random() * 3 + 1)::int, '2020-11-29');
INSERT INTO sortie (numsortie, idmeteo, datesortie) VALUES (133, floor(random() * 3 + 1)::int, '2020-12-07');
INSERT INTO sortie (numsortie, idmeteo, datesortie) VALUES (134, floor(random() * 3 + 1)::int, '2020-12-08');
INSERT INTO sortie (numsortie, idmeteo, datesortie) VALUES (135, floor(random() * 3 + 1)::int, '2020-12-14');
INSERT INTO sortie (numsortie, idmeteo, datesortie) VALUES (136, floor(random() * 3 + 1)::int, '2020-12-15');
INSERT INTO sortie (numsortie, idmeteo, datesortie) VALUES (137, floor(random() * 3 + 1)::int, '2021-12-16');
INSERT INTO sortie (numsortie, idmeteo, datesortie) VALUES (138, floor(random() * 3 + 1)::int, '2021-12-19');
INSERT INTO sortie (numsortie, idmeteo, datesortie) VALUES (139, floor(random() * 3 + 1)::int, '2021-12-28');
INSERT INTO sortie (numsortie, idmeteo, datesortie) VALUES (146, floor(random() * 3 + 1)::int, '2022-07-01');

/*==============================================================*/
/* Table : PARTICIPATION                                        */
/*==============================================================*/
INSERT INTO PARTICIPATION (NUMCLIENT, NUMSORTIE) VALUES (2, 1);
INSERT INTO PARTICIPATION (NUMCLIENT, NUMSORTIE) VALUES (8, 1);
INSERT INTO PARTICIPATION (NUMCLIENT, NUMSORTIE) VALUES (9, 1);
INSERT INTO PARTICIPATION (NUMCLIENT, NUMSORTIE) VALUES (11, 1);
INSERT INTO PARTICIPATION (NUMCLIENT, NUMSORTIE) VALUES (9, 2);
INSERT INTO PARTICIPATION (NUMCLIENT, NUMSORTIE) VALUES (7, 2);
INSERT INTO PARTICIPATION (NUMCLIENT, NUMSORTIE) VALUES (2, 3);
INSERT INTO PARTICIPATION (NUMCLIENT, NUMSORTIE) VALUES (9, 3);
INSERT INTO PARTICIPATION (NUMCLIENT, NUMSORTIE) VALUES (2, 4);
INSERT INTO PARTICIPATION (NUMCLIENT, NUMSORTIE) VALUES (9, 4);
INSERT INTO PARTICIPATION (NUMCLIENT, NUMSORTIE) VALUES (2, 5);
INSERT INTO PARTICIPATION (NUMCLIENT, NUMSORTIE) VALUES (9, 5);
INSERT INTO PARTICIPATION (NUMCLIENT, NUMSORTIE) VALUES (2, 6);
INSERT INTO PARTICIPATION (NUMCLIENT, NUMSORTIE) VALUES (9, 6);
INSERT INTO PARTICIPATION (NUMCLIENT, NUMSORTIE) VALUES (7, 7);
INSERT INTO PARTICIPATION (NUMCLIENT, NUMSORTIE) VALUES (9, 7);
INSERT INTO PARTICIPATION (NUMCLIENT, NUMSORTIE) VALUES (2, 8);
INSERT INTO PARTICIPATION (NUMCLIENT, NUMSORTIE) VALUES (9, 8);
INSERT INTO PARTICIPATION (NUMCLIENT, NUMSORTIE) VALUES (2, 9);
INSERT INTO PARTICIPATION (NUMCLIENT, NUMSORTIE) VALUES (9, 9);
INSERT INTO PARTICIPATION (NUMCLIENT, NUMSORTIE) VALUES (2, 10);
INSERT INTO PARTICIPATION (NUMCLIENT, NUMSORTIE) VALUES (9, 10);
INSERT INTO PARTICIPATION (NUMCLIENT, NUMSORTIE) VALUES (2, 11);
INSERT INTO PARTICIPATION (NUMCLIENT, NUMSORTIE) VALUES (9, 11);
INSERT INTO PARTICIPATION (NUMCLIENT, NUMSORTIE) VALUES (2, 12);
INSERT INTO PARTICIPATION (NUMCLIENT, NUMSORTIE) VALUES (9, 12);
INSERT INTO PARTICIPATION (NUMCLIENT, NUMSORTIE) VALUES (9, 13);
INSERT INTO PARTICIPATION (NUMCLIENT, NUMSORTIE) VALUES (9, 14);
INSERT INTO PARTICIPATION (NUMCLIENT, NUMSORTIE) VALUES (4, 14);
INSERT INTO PARTICIPATION (NUMCLIENT, NUMSORTIE) VALUES (3, 14);
INSERT INTO PARTICIPATION (NUMCLIENT, NUMSORTIE) VALUES (2, 14);
INSERT INTO PARTICIPATION (NUMCLIENT, NUMSORTIE) VALUES (6, 14);
INSERT INTO PARTICIPATION (NUMCLIENT, NUMSORTIE) VALUES (8, 15);
INSERT INTO PARTICIPATION (NUMCLIENT, NUMSORTIE) VALUES (9, 15);
INSERT INTO PARTICIPATION (NUMCLIENT, NUMSORTIE) VALUES (2, 16);
INSERT INTO PARTICIPATION (NUMCLIENT, NUMSORTIE) VALUES (6, 16);
INSERT INTO PARTICIPATION (NUMCLIENT, NUMSORTIE) VALUES (9, 17);
INSERT INTO PARTICIPATION (NUMCLIENT, NUMSORTIE) VALUES (6, 17);
INSERT INTO PARTICIPATION (NUMCLIENT, NUMSORTIE) VALUES (2, 18);
INSERT INTO PARTICIPATION (NUMCLIENT, NUMSORTIE) VALUES (3, 18);
INSERT INTO PARTICIPATION (NUMCLIENT, NUMSORTIE) VALUES (2, 19);
INSERT INTO PARTICIPATION (NUMCLIENT, NUMSORTIE) VALUES (9, 19);
INSERT INTO PARTICIPATION (NUMCLIENT, NUMSORTIE) VALUES (2, 20);
INSERT INTO PARTICIPATION (NUMCLIENT, NUMSORTIE) VALUES (9, 20);
INSERT INTO PARTICIPATION (NUMCLIENT, NUMSORTIE) VALUES (2, 21);
INSERT INTO PARTICIPATION (NUMCLIENT, NUMSORTIE) VALUES (9, 21);
INSERT INTO PARTICIPATION (NUMCLIENT, NUMSORTIE) VALUES (9, 22);
INSERT INTO PARTICIPATION (NUMCLIENT, NUMSORTIE) VALUES (9, 23);
INSERT INTO PARTICIPATION (NUMCLIENT, NUMSORTIE) VALUES (1, 24);
INSERT INTO PARTICIPATION (NUMCLIENT, NUMSORTIE) VALUES (2, 24);
INSERT INTO PARTICIPATION (NUMCLIENT, NUMSORTIE) VALUES (4, 24);
INSERT INTO PARTICIPATION (NUMCLIENT, NUMSORTIE) VALUES (7, 24);
INSERT INTO PARTICIPATION (NUMCLIENT, NUMSORTIE) VALUES (8, 24);
INSERT INTO PARTICIPATION (NUMCLIENT, NUMSORTIE) VALUES (9, 25);
INSERT INTO PARTICIPATION (NUMCLIENT, NUMSORTIE) VALUES (9, 26);
INSERT INTO PARTICIPATION (NUMCLIENT, NUMSORTIE) VALUES (2, 27);
INSERT INTO PARTICIPATION (NUMCLIENT, NUMSORTIE) VALUES (9, 27);
INSERT INTO PARTICIPATION (NUMCLIENT, NUMSORTIE) VALUES (9, 28);
INSERT INTO PARTICIPATION (NUMCLIENT, NUMSORTIE) VALUES (4, 28);
INSERT INTO PARTICIPATION (NUMCLIENT, NUMSORTIE) VALUES (5, 28);
INSERT INTO PARTICIPATION (NUMCLIENT, NUMSORTIE) VALUES (6, 28);
INSERT INTO PARTICIPATION (NUMCLIENT, NUMSORTIE) VALUES (1, 28);
INSERT INTO PARTICIPATION (NUMCLIENT, NUMSORTIE) VALUES (7, 29);
INSERT INTO PARTICIPATION (NUMCLIENT, NUMSORTIE) VALUES (9, 29);
INSERT INTO PARTICIPATION (NUMCLIENT, NUMSORTIE) VALUES (9, 30);
INSERT INTO PARTICIPATION (NUMCLIENT, NUMSORTIE) VALUES (9, 31);
INSERT INTO PARTICIPATION (NUMCLIENT, NUMSORTIE) VALUES (2, 32);
INSERT INTO PARTICIPATION (NUMCLIENT, NUMSORTIE) VALUES (9, 32);
INSERT INTO PARTICIPATION (NUMCLIENT, NUMSORTIE) VALUES (9, 33);
INSERT INTO PARTICIPATION (NUMCLIENT, NUMSORTIE) VALUES (1, 34);
INSERT INTO PARTICIPATION (NUMCLIENT, NUMSORTIE) VALUES (9, 34);
INSERT INTO PARTICIPATION (NUMCLIENT, NUMSORTIE) VALUES (2, 35);
INSERT INTO PARTICIPATION (NUMCLIENT, NUMSORTIE) VALUES (1, 35);
INSERT INTO PARTICIPATION (NUMCLIENT, NUMSORTIE) VALUES (9, 35);
INSERT INTO PARTICIPATION (NUMCLIENT, NUMSORTIE) VALUES (9, 36);
INSERT INTO PARTICIPATION (NUMCLIENT, NUMSORTIE) VALUES (2, 36);
INSERT INTO PARTICIPATION (NUMCLIENT, NUMSORTIE) VALUES (8, 37);
INSERT INTO PARTICIPATION (NUMCLIENT, NUMSORTIE) VALUES (9, 37);
INSERT INTO PARTICIPATION (NUMCLIENT, NUMSORTIE) VALUES (7, 37);
INSERT INTO PARTICIPATION (NUMCLIENT, NUMSORTIE) VALUES (9, 38);
INSERT INTO PARTICIPATION (NUMCLIENT, NUMSORTIE) VALUES (9, 39);
INSERT INTO PARTICIPATION (NUMCLIENT, NUMSORTIE) VALUES (7, 39);
INSERT INTO PARTICIPATION (NUMCLIENT, NUMSORTIE) VALUES (9, 40);
INSERT INTO PARTICIPATION (NUMCLIENT, NUMSORTIE) VALUES (9, 41);
INSERT INTO PARTICIPATION (NUMCLIENT, NUMSORTIE) VALUES (7, 41);
INSERT INTO PARTICIPATION (NUMCLIENT, NUMSORTIE) VALUES (1, 42);
INSERT INTO PARTICIPATION (NUMCLIENT, NUMSORTIE) VALUES (2, 42);
INSERT INTO PARTICIPATION (NUMCLIENT, NUMSORTIE) VALUES (3, 42);
INSERT INTO PARTICIPATION (NUMCLIENT, NUMSORTIE) VALUES (4, 42);
INSERT INTO PARTICIPATION (NUMCLIENT, NUMSORTIE) VALUES (5, 42);
INSERT INTO PARTICIPATION (NUMCLIENT, NUMSORTIE) VALUES (6, 42);
INSERT INTO PARTICIPATION (NUMCLIENT, NUMSORTIE) VALUES (7, 42);
INSERT INTO PARTICIPATION (NUMCLIENT, NUMSORTIE) VALUES (1, 43);
INSERT INTO PARTICIPATION (NUMCLIENT, NUMSORTIE) VALUES (2, 43);
INSERT INTO PARTICIPATION (NUMCLIENT, NUMSORTIE) VALUES (3, 43);
INSERT INTO PARTICIPATION (NUMCLIENT, NUMSORTIE) VALUES (4, 43);
INSERT INTO PARTICIPATION (NUMCLIENT, NUMSORTIE) VALUES (5, 43);
INSERT INTO PARTICIPATION (NUMCLIENT, NUMSORTIE) VALUES (6, 43);
INSERT INTO PARTICIPATION (NUMCLIENT, NUMSORTIE) VALUES (7, 43);
INSERT INTO PARTICIPATION (NUMCLIENT, NUMSORTIE) VALUES (9, 44);
INSERT INTO PARTICIPATION (NUMCLIENT, NUMSORTIE) VALUES (1, 44);
INSERT INTO PARTICIPATION (NUMCLIENT, NUMSORTIE) VALUES (7, 44);
INSERT INTO PARTICIPATION (NUMCLIENT, NUMSORTIE) VALUES (8, 44);
INSERT INTO PARTICIPATION (NUMCLIENT, NUMSORTIE) VALUES (9, 45);
INSERT INTO PARTICIPATION (NUMCLIENT, NUMSORTIE) VALUES (1, 45);
INSERT INTO PARTICIPATION (NUMCLIENT, NUMSORTIE) VALUES (2, 45);
INSERT INTO PARTICIPATION (NUMCLIENT, NUMSORTIE) VALUES (3, 45);
INSERT INTO PARTICIPATION (NUMCLIENT, NUMSORTIE) VALUES (6, 45);
INSERT INTO PARTICIPATION (NUMCLIENT, NUMSORTIE) VALUES (7, 45);
INSERT INTO PARTICIPATION (NUMCLIENT, NUMSORTIE) VALUES (1, 46);
INSERT INTO PARTICIPATION (NUMCLIENT, NUMSORTIE) VALUES (9, 46);
INSERT INTO PARTICIPATION (NUMCLIENT, NUMSORTIE) VALUES (9, 47);
INSERT INTO PARTICIPATION (NUMCLIENT, NUMSORTIE) VALUES (1, 48);
INSERT INTO PARTICIPATION (NUMCLIENT, NUMSORTIE) VALUES (9, 48);
INSERT INTO PARTICIPATION (NUMCLIENT, NUMSORTIE) VALUES (9, 49);
INSERT INTO PARTICIPATION (NUMCLIENT, NUMSORTIE) VALUES (1, 50);
INSERT INTO PARTICIPATION (NUMCLIENT, NUMSORTIE) VALUES (8, 50);
INSERT INTO PARTICIPATION (NUMCLIENT, NUMSORTIE) VALUES (9, 50);
INSERT INTO PARTICIPATION (NUMCLIENT, NUMSORTIE) VALUES (9, 51);
INSERT INTO PARTICIPATION (NUMCLIENT, NUMSORTIE) VALUES (5, 51);
INSERT INTO PARTICIPATION (NUMCLIENT, NUMSORTIE) VALUES (1, 52);
INSERT INTO PARTICIPATION (NUMCLIENT, NUMSORTIE) VALUES (9, 52);
INSERT INTO PARTICIPATION (NUMCLIENT, NUMSORTIE) VALUES (5, 53);
INSERT INTO PARTICIPATION (NUMCLIENT, NUMSORTIE) VALUES (6, 53);
INSERT INTO PARTICIPATION (NUMCLIENT, NUMSORTIE) VALUES (2, 53);
INSERT INTO PARTICIPATION (NUMCLIENT, NUMSORTIE) VALUES (3, 53);
INSERT INTO PARTICIPATION (NUMCLIENT, NUMSORTIE) VALUES (7, 53);
INSERT INTO PARTICIPATION (NUMCLIENT, NUMSORTIE) VALUES (8, 53);
INSERT INTO PARTICIPATION (NUMCLIENT, NUMSORTIE) VALUES (2, 54);
INSERT INTO PARTICIPATION (NUMCLIENT, NUMSORTIE) VALUES (9, 54);
INSERT INTO PARTICIPATION (NUMCLIENT, NUMSORTIE) VALUES (9, 55);
INSERT INTO PARTICIPATION (NUMCLIENT, NUMSORTIE) VALUES (2, 56);
INSERT INTO PARTICIPATION (NUMCLIENT, NUMSORTIE) VALUES (9, 56);
INSERT INTO PARTICIPATION (NUMCLIENT, NUMSORTIE) VALUES (1, 57);
INSERT INTO PARTICIPATION (NUMCLIENT, NUMSORTIE) VALUES (3, 57);
INSERT INTO PARTICIPATION (NUMCLIENT, NUMSORTIE) VALUES (4, 57);
INSERT INTO PARTICIPATION (NUMCLIENT, NUMSORTIE) VALUES (5, 57);
INSERT INTO PARTICIPATION (NUMCLIENT, NUMSORTIE) VALUES (6, 57);
INSERT INTO PARTICIPATION (NUMCLIENT, NUMSORTIE) VALUES (8, 57);
INSERT INTO PARTICIPATION (NUMCLIENT, NUMSORTIE) VALUES (9, 58);
INSERT INTO PARTICIPATION (NUMCLIENT, NUMSORTIE) VALUES (8, 58);
INSERT INTO PARTICIPATION (NUMCLIENT, NUMSORTIE) VALUES (1, 59);
INSERT INTO PARTICIPATION (NUMCLIENT, NUMSORTIE) VALUES (9, 59);
INSERT INTO PARTICIPATION (NUMCLIENT, NUMSORTIE) VALUES (9, 60);
INSERT INTO PARTICIPATION (NUMCLIENT, NUMSORTIE) VALUES (2, 61);
INSERT INTO PARTICIPATION (NUMCLIENT, NUMSORTIE) VALUES (9, 61);
INSERT INTO PARTICIPATION (NUMCLIENT, NUMSORTIE) VALUES (1, 61);
INSERT INTO PARTICIPATION (NUMCLIENT, NUMSORTIE) VALUES (6, 61);
INSERT INTO PARTICIPATION (NUMCLIENT, NUMSORTIE) VALUES (8, 61);
INSERT INTO PARTICIPATION (NUMCLIENT, NUMSORTIE) VALUES (7, 61);
INSERT INTO PARTICIPATION (NUMCLIENT, NUMSORTIE) VALUES (2, 62);
INSERT INTO PARTICIPATION (NUMCLIENT, NUMSORTIE) VALUES (9, 62);
INSERT INTO PARTICIPATION (NUMCLIENT, NUMSORTIE) VALUES (1, 62);
INSERT INTO PARTICIPATION (NUMCLIENT, NUMSORTIE) VALUES (6, 62);
INSERT INTO PARTICIPATION (NUMCLIENT, NUMSORTIE) VALUES (8, 62);
INSERT INTO PARTICIPATION (NUMCLIENT, NUMSORTIE) VALUES (7, 62);
INSERT INTO PARTICIPATION (NUMCLIENT, NUMSORTIE) VALUES (2, 63);
INSERT INTO PARTICIPATION (NUMCLIENT, NUMSORTIE) VALUES (9, 63);
INSERT INTO PARTICIPATION (NUMCLIENT, NUMSORTIE) VALUES (1, 63);
INSERT INTO PARTICIPATION (NUMCLIENT, NUMSORTIE) VALUES (6, 63);
INSERT INTO PARTICIPATION (NUMCLIENT, NUMSORTIE) VALUES (8, 63);
INSERT INTO PARTICIPATION (NUMCLIENT, NUMSORTIE) VALUES (7, 63);
INSERT INTO PARTICIPATION (NUMCLIENT, NUMSORTIE) VALUES (2, 64);
INSERT INTO PARTICIPATION (NUMCLIENT, NUMSORTIE) VALUES (9, 64);
INSERT INTO PARTICIPATION (NUMCLIENT, NUMSORTIE) VALUES (1, 64);
INSERT INTO PARTICIPATION (NUMCLIENT, NUMSORTIE) VALUES (6, 64);
INSERT INTO PARTICIPATION (NUMCLIENT, NUMSORTIE) VALUES (8, 64);
INSERT INTO PARTICIPATION (NUMCLIENT, NUMSORTIE) VALUES (7, 64);
INSERT INTO PARTICIPATION (NUMCLIENT, NUMSORTIE) VALUES (2, 65);
INSERT INTO PARTICIPATION (NUMCLIENT, NUMSORTIE) VALUES (9, 65);
INSERT INTO PARTICIPATION (NUMCLIENT, NUMSORTIE) VALUES (1, 66);
INSERT INTO PARTICIPATION (NUMCLIENT, NUMSORTIE) VALUES (6, 66);
INSERT INTO PARTICIPATION (NUMCLIENT, NUMSORTIE) VALUES (8, 66);
INSERT INTO PARTICIPATION (NUMCLIENT, NUMSORTIE) VALUES (7, 66);
INSERT INTO PARTICIPATION (NUMCLIENT, NUMSORTIE) VALUES (2, 67);
INSERT INTO PARTICIPATION (NUMCLIENT, NUMSORTIE) VALUES (9, 67);
INSERT INTO PARTICIPATION (NUMCLIENT, NUMSORTIE) VALUES (1, 67);
INSERT INTO PARTICIPATION (NUMCLIENT, NUMSORTIE) VALUES (6, 67);
INSERT INTO PARTICIPATION (NUMCLIENT, NUMSORTIE) VALUES (8, 67);
INSERT INTO PARTICIPATION (NUMCLIENT, NUMSORTIE) VALUES (7, 67);
INSERT INTO PARTICIPATION (NUMCLIENT, NUMSORTIE) VALUES (2, 68);
INSERT INTO PARTICIPATION (NUMCLIENT, NUMSORTIE) VALUES (9, 68);
INSERT INTO PARTICIPATION (NUMCLIENT, NUMSORTIE) VALUES (1, 68);
INSERT INTO PARTICIPATION (NUMCLIENT, NUMSORTIE) VALUES (6, 68);
INSERT INTO PARTICIPATION (NUMCLIENT, NUMSORTIE) VALUES (1, 69);
INSERT INTO PARTICIPATION (NUMCLIENT, NUMSORTIE) VALUES (9, 69);
INSERT INTO PARTICIPATION (NUMCLIENT, NUMSORTIE) VALUES (4, 69);
INSERT INTO PARTICIPATION (NUMCLIENT, NUMSORTIE) VALUES (3, 69);
INSERT INTO PARTICIPATION (NUMCLIENT, NUMSORTIE) VALUES (5, 69);
INSERT INTO PARTICIPATION (NUMCLIENT, NUMSORTIE) VALUES (6, 69);
INSERT INTO PARTICIPATION (NUMCLIENT, NUMSORTIE) VALUES (1, 70);
INSERT INTO PARTICIPATION (NUMCLIENT, NUMSORTIE) VALUES (9, 70);
INSERT INTO PARTICIPATION (NUMCLIENT, NUMSORTIE) VALUES (4, 70);
INSERT INTO PARTICIPATION (NUMCLIENT, NUMSORTIE) VALUES (3, 70);
INSERT INTO PARTICIPATION (NUMCLIENT, NUMSORTIE) VALUES (5, 70);
INSERT INTO PARTICIPATION (NUMCLIENT, NUMSORTIE) VALUES (6, 70);
INSERT INTO PARTICIPATION (NUMCLIENT, NUMSORTIE) VALUES (2, 71);
INSERT INTO PARTICIPATION (NUMCLIENT, NUMSORTIE) VALUES (9, 71);
INSERT INTO PARTICIPATION (NUMCLIENT, NUMSORTIE) VALUES (2, 72);
INSERT INTO PARTICIPATION (NUMCLIENT, NUMSORTIE) VALUES (9, 72);
INSERT INTO PARTICIPATION (NUMCLIENT, NUMSORTIE) VALUES (2, 73);
INSERT INTO PARTICIPATION (NUMCLIENT, NUMSORTIE) VALUES (9, 73);
INSERT INTO PARTICIPATION (NUMCLIENT, NUMSORTIE) VALUES (2, 74);
INSERT INTO PARTICIPATION (NUMCLIENT, NUMSORTIE) VALUES (9, 74);
INSERT INTO PARTICIPATION (NUMCLIENT, NUMSORTIE) VALUES (2, 75);
INSERT INTO PARTICIPATION (NUMCLIENT, NUMSORTIE) VALUES (9, 75);
INSERT INTO PARTICIPATION (NUMCLIENT, NUMSORTIE) VALUES (2, 76);
INSERT INTO PARTICIPATION (NUMCLIENT, NUMSORTIE) VALUES (9, 76);
INSERT INTO PARTICIPATION (NUMCLIENT, NUMSORTIE) VALUES (3, 77);
INSERT INTO PARTICIPATION (NUMCLIENT, NUMSORTIE) VALUES (9, 77);
INSERT INTO PARTICIPATION (NUMCLIENT, NUMSORTIE) VALUES (3, 78);
INSERT INTO PARTICIPATION (NUMCLIENT, NUMSORTIE) VALUES (9, 78);
INSERT INTO PARTICIPATION (NUMCLIENT, NUMSORTIE) VALUES (9, 79);
INSERT INTO PARTICIPATION (NUMCLIENT, NUMSORTIE) VALUES (7, 80);
INSERT INTO PARTICIPATION (NUMCLIENT, NUMSORTIE) VALUES (9, 80);
INSERT INTO PARTICIPATION (NUMCLIENT, NUMSORTIE) VALUES (3, 81);
INSERT INTO PARTICIPATION (NUMCLIENT, NUMSORTIE) VALUES (9, 81);
INSERT INTO PARTICIPATION (NUMCLIENT, NUMSORTIE) VALUES (2, 82);
INSERT INTO PARTICIPATION (NUMCLIENT, NUMSORTIE) VALUES (9, 82);
INSERT INTO PARTICIPATION (NUMCLIENT, NUMSORTIE) VALUES (8, 83);
INSERT INTO PARTICIPATION (NUMCLIENT, NUMSORTIE) VALUES (9, 83);
INSERT INTO PARTICIPATION (NUMCLIENT, NUMSORTIE) VALUES (2, 84);
INSERT INTO PARTICIPATION (NUMCLIENT, NUMSORTIE) VALUES (9, 84);
INSERT INTO PARTICIPATION (NUMCLIENT, NUMSORTIE) VALUES (6, 84);
INSERT INTO PARTICIPATION (NUMCLIENT, NUMSORTIE) VALUES (1, 84);
INSERT INTO PARTICIPATION (NUMCLIENT, NUMSORTIE) VALUES (2, 85);
INSERT INTO PARTICIPATION (NUMCLIENT, NUMSORTIE) VALUES (9, 85);
INSERT INTO PARTICIPATION (NUMCLIENT, NUMSORTIE) VALUES (2, 86);
INSERT INTO PARTICIPATION (NUMCLIENT, NUMSORTIE) VALUES (9, 86);
INSERT INTO PARTICIPATION (NUMCLIENT, NUMSORTIE) VALUES (6, 86);
INSERT INTO PARTICIPATION (NUMCLIENT, NUMSORTIE) VALUES (1, 86);
INSERT INTO PARTICIPATION (NUMCLIENT, NUMSORTIE) VALUES (2, 99);
INSERT INTO PARTICIPATION (NUMCLIENT, NUMSORTIE) VALUES (3, 99);
INSERT INTO PARTICIPATION (NUMCLIENT, NUMSORTIE) VALUES (4, 99);
INSERT INTO PARTICIPATION (NUMCLIENT, NUMSORTIE) VALUES (5, 99);
INSERT INTO PARTICIPATION (NUMCLIENT, NUMSORTIE) VALUES (6, 99);
INSERT INTO PARTICIPATION (NUMCLIENT, NUMSORTIE) VALUES (7, 99);
INSERT INTO PARTICIPATION (NUMCLIENT, NUMSORTIE) VALUES (2, 100);
INSERT INTO PARTICIPATION (NUMCLIENT, NUMSORTIE) VALUES (3, 100);
INSERT INTO PARTICIPATION (NUMCLIENT, NUMSORTIE) VALUES (4, 100);
INSERT INTO PARTICIPATION (NUMCLIENT, NUMSORTIE) VALUES (5, 100);
INSERT INTO PARTICIPATION (NUMCLIENT, NUMSORTIE) VALUES (6, 100);
INSERT INTO PARTICIPATION (NUMCLIENT, NUMSORTIE) VALUES (7, 100);
INSERT INTO PARTICIPATION (NUMCLIENT, NUMSORTIE) VALUES (2, 101);
INSERT INTO PARTICIPATION (NUMCLIENT, NUMSORTIE) VALUES (1, 101);
INSERT INTO PARTICIPATION (NUMCLIENT, NUMSORTIE) VALUES (4, 101);
INSERT INTO PARTICIPATION (NUMCLIENT, NUMSORTIE) VALUES (5, 101);
INSERT INTO PARTICIPATION (NUMCLIENT, NUMSORTIE) VALUES (6, 101);
INSERT INTO PARTICIPATION (NUMCLIENT, NUMSORTIE) VALUES (7, 101);
INSERT INTO PARTICIPATION (NUMCLIENT, NUMSORTIE) VALUES (8, 101);
INSERT INTO PARTICIPATION (NUMCLIENT, NUMSORTIE) VALUES (1, 119);
INSERT INTO PARTICIPATION (NUMCLIENT, NUMSORTIE) VALUES (9, 119);
INSERT INTO PARTICIPATION (NUMCLIENT, NUMSORTIE) VALUES (1, 120);
INSERT INTO PARTICIPATION (NUMCLIENT, NUMSORTIE) VALUES (9, 120);
INSERT INTO PARTICIPATION (NUMCLIENT, NUMSORTIE) VALUES (1, 121);
INSERT INTO PARTICIPATION (NUMCLIENT, NUMSORTIE) VALUES (3, 121);
INSERT INTO PARTICIPATION (NUMCLIENT, NUMSORTIE) VALUES (9, 121);
INSERT INTO PARTICIPATION (NUMCLIENT, NUMSORTIE) VALUES (2, 122);
INSERT INTO PARTICIPATION (NUMCLIENT, NUMSORTIE) VALUES (9, 122);
INSERT INTO PARTICIPATION (NUMCLIENT, NUMSORTIE) VALUES (4, 122);
INSERT INTO PARTICIPATION (NUMCLIENT, NUMSORTIE) VALUES (2, 123);
INSERT INTO PARTICIPATION (NUMCLIENT, NUMSORTIE) VALUES (9, 123);
INSERT INTO PARTICIPATION (NUMCLIENT, NUMSORTIE) VALUES (4, 123);
INSERT INTO PARTICIPATION (NUMCLIENT, NUMSORTIE) VALUES (3, 123);
INSERT INTO PARTICIPATION (NUMCLIENT, NUMSORTIE) VALUES (9, 124);
INSERT INTO PARTICIPATION (NUMCLIENT, NUMSORTIE) VALUES (3, 124);
INSERT INTO PARTICIPATION (NUMCLIENT, NUMSORTIE) VALUES (2, 125);
INSERT INTO PARTICIPATION (NUMCLIENT, NUMSORTIE) VALUES (3, 125);
INSERT INTO PARTICIPATION (NUMCLIENT, NUMSORTIE) VALUES (4, 125);
INSERT INTO PARTICIPATION (NUMCLIENT, NUMSORTIE) VALUES (5, 125);
INSERT INTO PARTICIPATION (NUMCLIENT, NUMSORTIE) VALUES (6, 125);
INSERT INTO PARTICIPATION (NUMCLIENT, NUMSORTIE) VALUES (7, 125);
INSERT INTO PARTICIPATION (NUMCLIENT, NUMSORTIE) VALUES (3, 126);
INSERT INTO PARTICIPATION (NUMCLIENT, NUMSORTIE) VALUES (9, 126);
INSERT INTO PARTICIPATION (NUMCLIENT, NUMSORTIE) VALUES (2, 127);
INSERT INTO PARTICIPATION (NUMCLIENT, NUMSORTIE) VALUES (9, 127);
INSERT INTO PARTICIPATION (NUMCLIENT, NUMSORTIE) VALUES (1, 127);
INSERT INTO PARTICIPATION (NUMCLIENT, NUMSORTIE) VALUES (6, 127);
INSERT INTO PARTICIPATION (NUMCLIENT, NUMSORTIE) VALUES (8, 127);
INSERT INTO PARTICIPATION (NUMCLIENT, NUMSORTIE) VALUES (7, 127);
INSERT INTO PARTICIPATION (NUMCLIENT, NUMSORTIE) VALUES (2, 128);
INSERT INTO PARTICIPATION (NUMCLIENT, NUMSORTIE) VALUES (9, 128);
INSERT INTO PARTICIPATION (NUMCLIENT, NUMSORTIE) VALUES (1, 128);
INSERT INTO PARTICIPATION (NUMCLIENT, NUMSORTIE) VALUES (6, 128);
INSERT INTO PARTICIPATION (NUMCLIENT, NUMSORTIE) VALUES (8, 128);
INSERT INTO PARTICIPATION (NUMCLIENT, NUMSORTIE) VALUES (7, 128);
INSERT INTO PARTICIPATION (NUMCLIENT, NUMSORTIE) VALUES (2, 129);
INSERT INTO PARTICIPATION (NUMCLIENT, NUMSORTIE) VALUES (9, 129);
INSERT INTO PARTICIPATION (NUMCLIENT, NUMSORTIE) VALUES (1, 129);
INSERT INTO PARTICIPATION (NUMCLIENT, NUMSORTIE) VALUES (6, 129);
INSERT INTO PARTICIPATION (NUMCLIENT, NUMSORTIE) VALUES (8, 129);
INSERT INTO PARTICIPATION (NUMCLIENT, NUMSORTIE) VALUES (7, 129);
INSERT INTO PARTICIPATION (NUMCLIENT, NUMSORTIE) VALUES (2, 130);
INSERT INTO PARTICIPATION (NUMCLIENT, NUMSORTIE) VALUES (9, 130);
INSERT INTO PARTICIPATION (NUMCLIENT, NUMSORTIE) VALUES (1, 130);
INSERT INTO PARTICIPATION (NUMCLIENT, NUMSORTIE) VALUES (6, 130);
INSERT INTO PARTICIPATION (NUMCLIENT, NUMSORTIE) VALUES (8, 130);
INSERT INTO PARTICIPATION (NUMCLIENT, NUMSORTIE) VALUES (7, 130);
INSERT INTO PARTICIPATION (NUMCLIENT, NUMSORTIE) VALUES (2, 131);
INSERT INTO PARTICIPATION (NUMCLIENT, NUMSORTIE) VALUES (9, 131);
INSERT INTO PARTICIPATION (NUMCLIENT, NUMSORTIE) VALUES (1, 131);
INSERT INTO PARTICIPATION (NUMCLIENT, NUMSORTIE) VALUES (6, 131);
INSERT INTO PARTICIPATION (NUMCLIENT, NUMSORTIE) VALUES (8, 131);
INSERT INTO PARTICIPATION (NUMCLIENT, NUMSORTIE) VALUES (7, 131);
INSERT INTO PARTICIPATION (NUMCLIENT, NUMSORTIE) VALUES (2, 132);
INSERT INTO PARTICIPATION (NUMCLIENT, NUMSORTIE) VALUES (9, 132);
INSERT INTO PARTICIPATION (NUMCLIENT, NUMSORTIE) VALUES (1, 132);
INSERT INTO PARTICIPATION (NUMCLIENT, NUMSORTIE) VALUES (6, 132);
INSERT INTO PARTICIPATION (NUMCLIENT, NUMSORTIE) VALUES (8, 132);
INSERT INTO PARTICIPATION (NUMCLIENT, NUMSORTIE) VALUES (7, 132);
INSERT INTO PARTICIPATION (NUMCLIENT, NUMSORTIE) VALUES (1, 133);
INSERT INTO PARTICIPATION (NUMCLIENT, NUMSORTIE) VALUES (2, 133);
INSERT INTO PARTICIPATION (NUMCLIENT, NUMSORTIE) VALUES (9, 133);
INSERT INTO PARTICIPATION (NUMCLIENT, NUMSORTIE) VALUES (9, 134);
INSERT INTO PARTICIPATION (NUMCLIENT, NUMSORTIE) VALUES (6, 134);
INSERT INTO PARTICIPATION (NUMCLIENT, NUMSORTIE) VALUES (2, 135);
INSERT INTO PARTICIPATION (NUMCLIENT, NUMSORTIE) VALUES (9, 135);
INSERT INTO PARTICIPATION (NUMCLIENT, NUMSORTIE) VALUES (6, 135);
INSERT INTO PARTICIPATION (NUMCLIENT, NUMSORTIE) VALUES (4, 135);
INSERT INTO PARTICIPATION (NUMCLIENT, NUMSORTIE) VALUES (1, 135);
INSERT INTO PARTICIPATION (NUMCLIENT, NUMSORTIE) VALUES (2, 136);
INSERT INTO PARTICIPATION (NUMCLIENT, NUMSORTIE) VALUES (3, 136);
INSERT INTO PARTICIPATION (NUMCLIENT, NUMSORTIE) VALUES (9, 136);
INSERT INTO PARTICIPATION (NUMCLIENT, NUMSORTIE) VALUES (6, 136);
INSERT INTO PARTICIPATION (NUMCLIENT, NUMSORTIE) VALUES (2, 137);
INSERT INTO PARTICIPATION (NUMCLIENT, NUMSORTIE) VALUES (3, 137);
INSERT INTO PARTICIPATION (NUMCLIENT, NUMSORTIE) VALUES (9, 137);
INSERT INTO PARTICIPATION (NUMCLIENT, NUMSORTIE) VALUES (6, 137);
INSERT INTO PARTICIPATION (NUMCLIENT, NUMSORTIE) VALUES (2, 138);
INSERT INTO PARTICIPATION (NUMCLIENT, NUMSORTIE) VALUES (9, 138);
INSERT INTO PARTICIPATION (NUMCLIENT, NUMSORTIE) VALUES (4, 138);
INSERT INTO PARTICIPATION (NUMCLIENT, NUMSORTIE) VALUES (3, 138);
INSERT INTO PARTICIPATION (NUMCLIENT, NUMSORTIE) VALUES (7, 138);
INSERT INTO PARTICIPATION (NUMCLIENT, NUMSORTIE) VALUES (2, 139);
INSERT INTO PARTICIPATION (NUMCLIENT, NUMSORTIE) VALUES (9, 139);
INSERT INTO PARTICIPATION (NUMCLIENT, NUMSORTIE) VALUES (8, 139);
INSERT INTO PARTICIPATION (NUMCLIENT, NUMSORTIE) VALUES (2, 146);
INSERT INTO PARTICIPATION (NUMCLIENT, NUMSORTIE) VALUES (4, 146);
INSERT INTO PARTICIPATION (NUMCLIENT, NUMSORTIE) VALUES (9, 146);
INSERT INTO PARTICIPATION (NUMCLIENT, NUMSORTIE) VALUES (1, 146);
INSERT INTO PARTICIPATION (NUMCLIENT, NUMSORTIE) VALUES (6, 146);

/*==============================================================*/
/* Table : ITINERAIRESORTIE                                    */
/*==============================================================*/

INSERT INTO itinerairesortie (numsortie, numitineraire, dureeitineraire) VALUES (1, 2, 200);
INSERT INTO itinerairesortie (numsortie, numitineraire, dureeitineraire) VALUES (1, 4, 220);
INSERT INTO itinerairesortie (numsortie, numitineraire, dureeitineraire) VALUES (3, 1, 250);
INSERT INTO itinerairesortie (numsortie, numitineraire, dureeitineraire) VALUES (3, 2, 200);
INSERT INTO itinerairesortie (numsortie, numitineraire, dureeitineraire) VALUES (4, 8, 180);
INSERT INTO itinerairesortie (numsortie, numitineraire, dureeitineraire) VALUES (5, 21, 180);
INSERT INTO itinerairesortie (numsortie, numitineraire, dureeitineraire) VALUES (6, 17, 200);
INSERT INTO itinerairesortie (numsortie, numitineraire, dureeitineraire) VALUES (7, 1, 150);
INSERT INTO itinerairesortie (numsortie, numitineraire, dureeitineraire) VALUES (7, 2, 150);
INSERT INTO itinerairesortie (numsortie, numitineraire, dureeitineraire) VALUES (8, 14, 170);
INSERT INTO itinerairesortie (numsortie, numitineraire, dureeitineraire) VALUES (9, 22, 200);
INSERT INTO itinerairesortie (numsortie, numitineraire, dureeitineraire) VALUES (9, 21, 150);
INSERT INTO itinerairesortie (numsortie, numitineraire, dureeitineraire) VALUES (10, 18, 200);
INSERT INTO itinerairesortie (numsortie, numitineraire, dureeitineraire) VALUES (12, 20, 275);
INSERT INTO itinerairesortie (numsortie, numitineraire, dureeitineraire) VALUES (13, 15, 225);
INSERT INTO itinerairesortie (numsortie, numitineraire, dureeitineraire) VALUES (14, 24, 280);
INSERT INTO itinerairesortie (numsortie, numitineraire, dureeitineraire) VALUES (15, 13, 340);
INSERT INTO itinerairesortie (numsortie, numitineraire, dureeitineraire) VALUES (16, 12, 270);
INSERT INTO itinerairesortie (numsortie, numitineraire, dureeitineraire) VALUES (19, 16, 180);
INSERT INTO itinerairesortie (numsortie, numitineraire, dureeitineraire) VALUES (19, 40, 210);
INSERT INTO itinerairesortie (numsortie, numitineraire, dureeitineraire) VALUES (24, 26, 480);
INSERT INTO itinerairesortie (numsortie, numitineraire, dureeitineraire) VALUES (26, 27, 120);
INSERT INTO itinerairesortie (numsortie, numitineraire, dureeitineraire) VALUES (28, 25, 300);
INSERT INTO itinerairesortie (numsortie, numitineraire, dureeitineraire) VALUES (29, 2, 135);
INSERT INTO itinerairesortie (numsortie, numitineraire, dureeitineraire) VALUES (29, 1, 150);
INSERT INTO itinerairesortie (numsortie, numitineraire, dureeitineraire) VALUES (30, 28, 330);
INSERT INTO itinerairesortie (numsortie, numitineraire, dureeitineraire) VALUES (31, 29, 330);
INSERT INTO itinerairesortie (numsortie, numitineraire, dureeitineraire) VALUES (32, 28, 225);
INSERT INTO itinerairesortie (numsortie, numitineraire, dureeitineraire) VALUES (33, 31, 265);
INSERT INTO itinerairesortie (numsortie, numitineraire, dureeitineraire) VALUES (33, 32, 300);
INSERT INTO itinerairesortie (numsortie, numitineraire, dureeitineraire) VALUES (37, 33, 270);
INSERT INTO itinerairesortie (numsortie, numitineraire, dureeitineraire) VALUES (43, 34, 360);
INSERT INTO itinerairesortie (numsortie, numitineraire, dureeitineraire) VALUES (45, 35, 300);
INSERT INTO itinerairesortie (numsortie, numitineraire, dureeitineraire) VALUES (47, 36, 190);
INSERT INTO itinerairesortie (numsortie, numitineraire, dureeitineraire) VALUES (52, 38, 200);
INSERT INTO itinerairesortie (numsortie, numitineraire, dureeitineraire) VALUES (53, 39, 250);
INSERT INTO itinerairesortie (numsortie, numitineraire, dureeitineraire) VALUES (56, 41, 180);
INSERT INTO itinerairesortie (numsortie, numitineraire, dureeitineraire) VALUES (57, 42, 300);
INSERT INTO itinerairesortie (numsortie, numitineraire, dureeitineraire) VALUES (57, 43, 300);
INSERT INTO itinerairesortie (numsortie, numitineraire, dureeitineraire) VALUES (61, 44, 300);
INSERT INTO itinerairesortie (numsortie, numitineraire, dureeitineraire) VALUES (62, 45, 150);
INSERT INTO itinerairesortie (numsortie, numitineraire, dureeitineraire) VALUES (64, 46, 300);
INSERT INTO itinerairesortie (numsortie, numitineraire, dureeitineraire) VALUES (65, 47, 190);
INSERT INTO itinerairesortie (numsortie, numitineraire, dureeitineraire) VALUES (66, 48, 80);
INSERT INTO itinerairesortie (numsortie, numitineraire, dureeitineraire) VALUES (67, 49, 300);
INSERT INTO itinerairesortie (numsortie, numitineraire, dureeitineraire) VALUES (69, 50, 570);
INSERT INTO itinerairesortie (numsortie, numitineraire, dureeitineraire) VALUES (70, 51, 345);
INSERT INTO itinerairesortie (numsortie, numitineraire, dureeitineraire) VALUES (71, 52, 195);
INSERT INTO itinerairesortie (numsortie, numitineraire, dureeitineraire) VALUES (72, 10, 270);
INSERT INTO itinerairesortie (numsortie, numitineraire, dureeitineraire) VALUES (72, 11, 300);
INSERT INTO itinerairesortie (numsortie, numitineraire, dureeitineraire) VALUES (74, 55, 480);
INSERT INTO itinerairesortie (numsortie, numitineraire, dureeitineraire) VALUES (76, 57, 180);
INSERT INTO itinerairesortie (numsortie, numitineraire, dureeitineraire) VALUES (81, 58, 240);
INSERT INTO itinerairesortie (numsortie, numitineraire, dureeitineraire) VALUES (82, 59, 210);
INSERT INTO itinerairesortie (numsortie, numitineraire, dureeitineraire) VALUES (83, 60, 390);
INSERT INTO itinerairesortie (numsortie, numitineraire, dureeitineraire) VALUES (86, 61, 350);
INSERT INTO itinerairesortie (numsortie, numitineraire, dureeitineraire) VALUES (99, 62, 480);
INSERT INTO itinerairesortie (numsortie, numitineraire, dureeitineraire) VALUES (122, 63, 300);
INSERT INTO itinerairesortie (numsortie, numitineraire, dureeitineraire) VALUES (124, 23, 220);
INSERT INTO itinerairesortie (numsortie, numitineraire, dureeitineraire) VALUES (127, 64, 230);
INSERT INTO itinerairesortie (numsortie, numitineraire, dureeitineraire) VALUES (128, 65, 210);
INSERT INTO itinerairesortie (numsortie, numitineraire, dureeitineraire) VALUES (129, 66, 240);
INSERT INTO itinerairesortie (numsortie, numitineraire, dureeitineraire) VALUES (130, 67, 380);
INSERT INTO itinerairesortie (numsortie, numitineraire, dureeitineraire) VALUES (131, 68, 320);
INSERT INTO itinerairesortie (numsortie, numitineraire, dureeitineraire) VALUES (132, 69, 270);
INSERT INTO itinerairesortie (numsortie, numitineraire, dureeitineraire) VALUES (134, 70, 270);
INSERT INTO itinerairesortie (numsortie, numitineraire, dureeitineraire) VALUES (135, 71, 180);
INSERT INTO itinerairesortie (numsortie, numitineraire, dureeitineraire) VALUES (136, 72, 130);
INSERT INTO itinerairesortie (numsortie, numitineraire, dureeitineraire) VALUES (137, 73, 450);
INSERT INTO itinerairesortie (numsortie, numitineraire, dureeitineraire) VALUES (138, 74, 480);
INSERT INTO itinerairesortie (numsortie, numitineraire, dureeitineraire) VALUES (139, 75, 480);
INSERT INTO itinerairesortie (numsortie, numitineraire, dureeitineraire) VALUES (146, 76, 360);

